{
	"textures": [
		{
			"image": "1011.png",
			"format": "RGBA8888",
			"size": {
				"w": 65,
				"h": 65
			},
			"scale": 1,
			"frames": [
				{
					"filename": "0001.png",
					"rotated": false,
					"trimmed": false,
					"sourceSize": {
						"w": 42,
						"h": 65
					},
					"spriteSourceSize": {
						"x": 0,
						"y": 0,
						"w": 42,
						"h": 65
					},
					"frame": {
						"x": 0,
						"y": 0,
						"w": 42,
						"h": 65
					}
				}
			]
		}
	],
	"meta": {
		"app": "https://www.codeandweb.com/texturepacker",
		"version": "3.0",
		"smartupdate": ""
	}
}
