{
	"textures": [
		{
			"image": "208-mega.png",
			"format": "RGBA8888",
			"size": {
				"w": 94,
				"h": 94
			},
			"scale": 1,
			"frames": [
				{
					"filename": "0001.png",
					"rotated": false,
					"trimmed": false,
					"sourceSize": {
						"w": 94,
						"h": 90
					},
					"spriteSourceSize": {
						"x": 0,
						"y": 0,
						"w": 94,
						"h": 90
					},
					"frame": {
						"x": 0,
						"y": 0,
						"w": 94,
						"h": 90
					}
				}
			]
		}
	],
	"meta": {
		"app": "https://www.codeandweb.com/texturepacker",
		"version": "3.0",
		"smartupdate": "$TexturePacker:SmartUpdate:bf89b38dfbfaad068a3db36bb6cd4f86:051a27423ce44f1546f473d0484e4265:3582221c22b8d70936e5fb8216b0ddad$"
	}
}
