{
	"textures": [
		{
			"image": "448-mega.png",
			"format": "RGBA8888",
			"size": {
				"w": 66,
				"h": 66
			},
			"scale": 1,
			"frames": [
				{
					"filename": "0001.png",
					"rotated": false,
					"trimmed": false,
					"sourceSize": {
						"w": 48,
						"h": 66
					},
					"spriteSourceSize": {
						"x": 0,
						"y": 0,
						"w": 48,
						"h": 66
					},
					"frame": {
						"x": 0,
						"y": 0,
						"w": 48,
						"h": 66
					}
				}
			]
		}
	],
	"meta": {
		"app": "https://www.codeandweb.com/texturepacker",
		"version": "3.0",
		"smartupdate": "$TexturePacker:SmartUpdate:934ba23d13806891d82776e34738011f:7bc095fe45e9a6d761ac02cd0867bde5:16c27a68ffc1bb4694652ac716898e5c$"
	}
}
