{
	"textures": [
		{
			"image": "460-mega.png",
			"format": "RGBA8888",
			"size": {
				"w": 82,
				"h": 82
			},
			"scale": 1,
			"frames": [
				{
					"filename": "0001.png",
					"rotated": false,
					"trimmed": false,
					"sourceSize": {
						"w": 82,
						"h": 74
					},
					"spriteSourceSize": {
						"x": 0,
						"y": 0,
						"w": 82,
						"h": 74
					},
					"frame": {
						"x": 0,
						"y": 0,
						"w": 82,
						"h": 74
					}
				}
			]
		}
	],
	"meta": {
		"app": "https://www.codeandweb.com/texturepacker",
		"version": "3.0",
		"smartupdate": "$TexturePacker:SmartUpdate:5fcd72391a101bb1aee5ad7ec25deb78:4a2a199e3d3a9f6ccc7d62e8dc13c032:c0af833877a1df89fb0d685228488c6b$"
	}
}
