{
	"textures": [
		{
			"image": "484-origin.png",
			"format": "RGBA8888",
			"size": {
				"w": 90,
				"h": 90
			},
			"scale": 1,
			"frames": [
				{
					"filename": "0001.png",
					"rotated": false,
					"trimmed": false,
					"sourceSize": {
						"w": 88,
						"h": 90
					},
					"spriteSourceSize": {
						"x": 0,
						"y": 0,
						"w": 88,
						"h": 90
					},
					"frame": {
						"x": 0,
						"y": 0,
						"w": 88,
						"h": 90
					}
				}
			]
		}
	],
	"meta": {
		"app": "https://www.codeandweb.com/texturepacker",
		"version": "3.0",
		"smartupdate": "$TexturePacker:SmartUpdate:c9a7d68ce3658436d0a6f9b3955b79a6:275e70727e2f0f99172908fe18693962:5ea3e660bc9c2624f846675d5196db82$"
	}
}
