{
	"textures": [
		{
			"image": "651.png",
			"format": "RGBA8888",
			"size": {
				"w": 55,
				"h": 55
			},
			"scale": 1,
			"frames": [
				{
					"filename": "0001.png",
					"rotated": false,
					"trimmed": false,
					"sourceSize": {
						"w": 55,
						"h": 50
					},
					"spriteSourceSize": {
						"x": 0,
						"y": 0,
						"w": 55,
						"h": 50
					},
					"frame": {
						"x": 0,
						"y": 0,
						"w": 55,
						"h": 50
					}
				}
			]
		}
	],
	"meta": {
		"app": "https://www.codeandweb.com/texturepacker",
		"version": "3.0",
		"smartupdate": "$TexturePacker:SmartUpdate:cd41e1cc6fa182b1c38f34832cb6507a:3979f5b94d127af22a7436473263dd82:a93e5fa02e10bf11e3ed8bf6571835ca$"
	}
}
