{
	"textures": [
		{
			"image": "6549.png",
			"format": "RGBA8888",
			"size": {
				"w": 72,
				"h": 72
			},
			"scale": 1,
			"frames": [
				{
					"filename": "0001.png",
					"rotated": false,
					"trimmed": false,
					"sourceSize": {
						"w": 54,
						"h": 72
					},
					"spriteSourceSize": {
						"x": 0,
						"y": 0,
						"w": 54,
						"h": 72
					},
					"frame": {
						"x": 0,
						"y": 0,
						"w": 54,
						"h": 72
					}
				}
			]
		}
	],
	"meta": {
		"app": "https://www.codeandweb.com/texturepacker",
		"version": "3.0",
		"smartupdate": "$TexturePacker:SmartUpdate:3adc791a7ea72ddbf06015b3a87b5113:8a91e5dad23fbd892866ca5b91da5aee:bd39dcae2082ee4b1520b7411cce88a2$"
	}
}
