{
	"textures": [
		{
			"image": "666-garden.png",
			"format": "RGBA8888",
			"size": {
				"w": 67,
				"h": 67
			},
			"scale": 1,
			"frames": [
				{
					"filename": "0001.png",
					"rotated": false,
					"trimmed": false,
					"sourceSize": {
						"w": 67,
						"h": 67
					},
					"spriteSourceSize": {
						"x": 0,
						"y": 0,
						"w": 67,
						"h": 67
					},
					"frame": {
						"x": 0,
						"y": 0,
						"w": 67,
						"h": 67
					}
				}
			]
		}
	],
	"meta": {
		"app": "https://www.codeandweb.com/texturepacker",
		"version": "3.0",
		"smartupdate": "$TexturePacker:SmartUpdate:43cb5e04eb52387a8ebf054bf6e3f26a:d3c9a5e9f24eec745a0d6c14b08020fd:f13a1a8fa0a411aa91fccb833ac8719c$"
	}
}
