{
	"textures": [
		{
			"image": "670-white.png",
			"format": "RGBA8888",
			"size": {
				"w": 59,
				"h": 59
			},
			"scale": 1,
			"frames": [
				{
					"filename": "0001.png",
					"rotated": false,
					"trimmed": false,
					"sourceSize": {
						"w": 39,
						"h": 59
					},
					"spriteSourceSize": {
						"x": 0,
						"y": 0,
						"w": 39,
						"h": 59
					},
					"frame": {
						"x": 0,
						"y": 0,
						"w": 39,
						"h": 59
					}
				}
			]
		}
	],
	"meta": {
		"app": "https://www.codeandweb.com/texturepacker",
		"version": "3.0",
		"smartupdate": "$TexturePacker:SmartUpdate:949a523bd2d5b5ad449237a48c6af998:28a2cc510f6d6dbccfbace75cc64608f:3b5fc0bf297b00d7e2adc65825803c41$"
	}
}
