{
	"textures": [
		{
			"image": "681-blade.png",
			"format": "RGBA8888",
			"size": {
				"w": 76,
				"h": 76
			},
			"scale": 1,
			"frames": [
				{
					"filename": "0001.png",
					"rotated": false,
					"trimmed": false,
					"sourceSize": {
						"w": 76,
						"h": 73
					},
					"spriteSourceSize": {
						"x": 0,
						"y": 0,
						"w": 76,
						"h": 73
					},
					"frame": {
						"x": 0,
						"y": 0,
						"w": 76,
						"h": 73
					}
				}
			]
		}
	],
	"meta": {
		"app": "https://www.codeandweb.com/texturepacker",
		"version": "3.0",
		"smartupdate": "$TexturePacker:SmartUpdate:9a0bb2bd4bcd415104c96fc581b3912d:b14eb694e0b7e518e057526ef1252449:22436cb43bcdbbcba4799b1ffaf07ce6$"
	}
}
