{
	"textures": [
		{
			"image": "682.png",
			"format": "RGBA8888",
			"size": {
				"w": 37,
				"h": 37
			},
			"scale": 1,
			"frames": [
				{
					"filename": "0001.png",
					"rotated": false,
					"trimmed": false,
					"sourceSize": {
						"w": 36,
						"h": 37
					},
					"spriteSourceSize": {
						"x": 0,
						"y": 0,
						"w": 36,
						"h": 37
					},
					"frame": {
						"x": 0,
						"y": 0,
						"w": 36,
						"h": 37
					}
				}
			]
		}
	],
	"meta": {
		"app": "https://www.codeandweb.com/texturepacker",
		"version": "3.0",
		"smartupdate": "$TexturePacker:SmartUpdate:40afb0c05e98ed52a6065b5734f6cb79:b753eae0ff892a010d716d896c2be8bf:d006493666677e95e9575975db81c2d0$"
	}
}
