{
	"textures": [
		{
			"image": "716-active.png",
			"format": "RGBA8888",
			"size": {
				"w": 96,
				"h": 96
			},
			"scale": 1,
			"frames": [
				{
					"filename": "0001.png",
					"rotated": false,
					"trimmed": false,
					"sourceSize": {
						"w": 80,
						"h": 96
					},
					"spriteSourceSize": {
						"x": 0,
						"y": 0,
						"w": 80,
						"h": 96
					},
					"frame": {
						"x": 0,
						"y": 0,
						"w": 80,
						"h": 96
					}
				}
			]
		}
	],
	"meta": {
		"app": "https://www.codeandweb.com/texturepacker",
		"version": "3.0",
		"smartupdate": "$TexturePacker:SmartUpdate:61ad93458dbe60732b59982b8d4fdaef:084595b841a5c964fffb0a56fb4926d9:1b57a848dc31d1df1667ded975c447f8$"
	}
}
