{
	"textures": [
		{
			"image": "718-complete.png",
			"format": "RGBA8888",
			"size": {
				"w": 96,
				"h": 96
			},
			"scale": 1,
			"frames": [
				{
					"filename": "0001.png",
					"rotated": false,
					"trimmed": false,
					"sourceSize": {
						"w": 88,
						"h": 96
					},
					"spriteSourceSize": {
						"x": 0,
						"y": 0,
						"w": 88,
						"h": 96
					},
					"frame": {
						"x": 0,
						"y": 0,
						"w": 88,
						"h": 96
					}
				}
			]
		}
	],
	"meta": {
		"app": "https://www.codeandweb.com/texturepacker",
		"version": "3.0",
		"smartupdate": "$TexturePacker:SmartUpdate:0e55eea3e70ebfb6869bcaa327644e3b:8518d588624ac2ea3bb16d426c0208cf:f4c0cbbc4c6a3d9b6d27229eb5f68237$"
	}
}
