{
	"textures": [
		{
			"image": "721.png",
			"format": "RGBA8888",
			"size": {
				"w": 85,
				"h": 85
			},
			"scale": 1,
			"frames": [
				{
					"filename": "0001.png",
					"rotated": false,
					"trimmed": false,
					"sourceSize": {
						"w": 77,
						"h": 85
					},
					"spriteSourceSize": {
						"x": 0,
						"y": 0,
						"w": 77,
						"h": 85
					},
					"frame": {
						"x": 0,
						"y": 0,
						"w": 77,
						"h": 85
					}
				}
			]
		}
	],
	"meta": {
		"app": "https://www.codeandweb.com/texturepacker",
		"version": "3.0",
		"smartupdate": "$TexturePacker:SmartUpdate:5ca194a00db5392ac0aff1dd9f20c483:526cd8dd85efa35b634f341e6a9a2b86:a92086298b6ba860e766695df8b42a0f$"
	}
}
