{
	"textures": [
		{
			"image": "740.png",
			"format": "RGBA8888",
			"size": {
				"w": 94,
				"h": 94
			},
			"scale": 1,
			"frames": [
				{
					"filename": "0001.png",
					"rotated": false,
					"trimmed": false,
					"sourceSize": {
						"w": 94,
						"h": 82
					},
					"spriteSourceSize": {
						"x": 0,
						"y": 0,
						"w": 94,
						"h": 82
					},
					"frame": {
						"x": 0,
						"y": 0,
						"w": 94,
						"h": 82
					}
				}
			]
		}
	],
	"meta": {
		"app": "https://www.codeandweb.com/texturepacker",
		"version": "3.0",
		"smartupdate": "$TexturePacker:SmartUpdate:d4bce2a1a779ee5ffd217e38d7b9118c:4341a010c2b8524f5accc1506949f947:032f977af0257ada667dd7cabb57a134$"
	}
}
