{
	"textures": [
		{
			"image": "745-midnight.png",
			"format": "RGBA8888",
			"size": {
				"w": 74,
				"h": 74
			},
			"scale": 1,
			"frames": [
				{
					"filename": "0001.png",
					"rotated": false,
					"trimmed": false,
					"sourceSize": {
						"w": 66,
						"h": 74
					},
					"spriteSourceSize": {
						"x": 0,
						"y": 0,
						"w": 66,
						"h": 74
					},
					"frame": {
						"x": 0,
						"y": 0,
						"w": 66,
						"h": 74
					}
				}
			]
		}
	],
	"meta": {
		"app": "https://www.codeandweb.com/texturepacker",
		"version": "3.0",
		"smartupdate": "$TexturePacker:SmartUpdate:cee29ac70c1975c931c1e8be6b98ee36:c0df1d69ee96bd362ee2925f8ff39569:d3c137c0a067b84291badd94ed4eb6b5$"
	}
}
