{
	"textures": [
		{
			"image": "774-blue.png",
			"format": "RGBA8888",
			"size": {
				"w": 37,
				"h": 37
			},
			"scale": 1,
			"frames": [
				{
					"filename": "0001.png",
					"rotated": false,
					"trimmed": false,
					"sourceSize": {
						"w": 37,
						"h": 35
					},
					"spriteSourceSize": {
						"x": 0,
						"y": 0,
						"w": 37,
						"h": 35
					},
					"frame": {
						"x": 0,
						"y": 0,
						"w": 37,
						"h": 35
					}
				}
			]
		}
	],
	"meta": {
		"app": "https://www.codeandweb.com/texturepacker",
		"version": "3.0",
		"smartupdate": "$TexturePacker:SmartUpdate:eebe7dcfd48f1fa5ff6358cfe34dc603:c8aeea524d237b60d5c5c4d89d48f0d8:0787168dbe37404ac3aa22b487979d47$"
	}
}
