{
	"textures": [
		{
			"image": "774.png",
			"format": "RGBA8888",
			"size": {
				"w": 37,
				"h": 37
			},
			"scale": 1,
			"frames": [
				{
					"filename": "0001.png",
					"rotated": false,
					"trimmed": false,
					"sourceSize": {
						"w": 37,
						"h": 37
					},
					"spriteSourceSize": {
						"x": 0,
						"y": 0,
						"w": 37,
						"h": 37
					},
					"frame": {
						"x": 0,
						"y": 0,
						"w": 37,
						"h": 37
					}
				}
			]
		}
	],
	"meta": {
		"app": "https://www.codeandweb.com/texturepacker",
		"version": "3.0",
		"smartupdate": "$TexturePacker:SmartUpdate:566b51540ed595250ead15a4733d98d6:172aa05dcc207383119cd2f2f7977e0e:37281ac0aa1e619ef385b889b64064b7$"
	}
}
