{
	"textures": [
		{
			"image": "774-yellow.png",
			"format": "RGBA8888",
			"size": {
				"w": 37,
				"h": 37
			},
			"scale": 1,
			"frames": [
				{
					"filename": "0001.png",
					"rotated": false,
					"trimmed": false,
					"sourceSize": {
						"w": 37,
						"h": 35
					},
					"spriteSourceSize": {
						"x": 0,
						"y": 0,
						"w": 37,
						"h": 35
					},
					"frame": {
						"x": 0,
						"y": 0,
						"w": 37,
						"h": 35
					}
				}
			]
		}
	],
	"meta": {
		"app": "https://www.codeandweb.com/texturepacker",
		"version": "3.0",
		"smartupdate": "$TexturePacker:SmartUpdate:a4b5f6cde7abb6611753c9cbf65458ff:d04234e1456fe4d52d1b48f4460e0256:a0f9f47b818f7e67dd381af2f205c265$"
	}
}
