{
	"textures": [
		{
			"image": "808.png",
			"format": "RGBA8888",
			"size": {
				"w": 38,
				"h": 38
			},
			"scale": 1,
			"frames": [
				{
					"filename": "0001.png",
					"rotated": false,
					"trimmed": false,
					"sourceSize": {
						"w": 30,
						"h": 38
					},
					"spriteSourceSize": {
						"x": 0,
						"y": 0,
						"w": 30,
						"h": 38
					},
					"frame": {
						"x": 0,
						"y": 0,
						"w": 30,
						"h": 38
					}
				}
			]
		}
	],
	"meta": {
		"app": "https://www.codeandweb.com/texturepacker",
		"version": "3.0",
		"smartupdate": "$TexturePacker:SmartUpdate:69d5f3a3e4b1d8b5c091aa6904c85441:c76bc00dc40d8dbd4e470adbf61cc761:196b4f5b2297ad8f8cd89a4f617a4012$"
	}
}
