{
	"textures": [
		{
			"image": "826.png",
			"format": "RGBA8888",
			"size": {
				"w": 68,
				"h": 68
			},
			"scale": 1,
			"frames": [
				{
					"filename": "0001.png",
					"rotated": false,
					"trimmed": false,
					"sourceSize": {
						"w": 63,
						"h": 68
					},
					"spriteSourceSize": {
						"x": 0,
						"y": 0,
						"w": 63,
						"h": 68
					},
					"frame": {
						"x": 0,
						"y": 0,
						"w": 63,
						"h": 68
					}
				}
			]
		}
	],
	"meta": {
		"app": "https://www.codeandweb.com/texturepacker",
		"version": "3.0",
		"smartupdate": "$TexturePacker:SmartUpdate:41fe0dc604188f3b56bea5717a563ebb:ae0b8885e72ffe2abfb9e6d0a4a7991c:23b961eca6584f072cb36c80a066e5df$"
	}
}
