{
	"textures": [
		{
			"image": "829.png",
			"format": "RGBA8888",
			"size": {
				"w": 46,
				"h": 46
			},
			"scale": 1,
			"frames": [
				{
					"filename": "0001.png",
					"rotated": false,
					"trimmed": false,
					"sourceSize": {
						"w": 45,
						"h": 46
					},
					"spriteSourceSize": {
						"x": 0,
						"y": 0,
						"w": 45,
						"h": 46
					},
					"frame": {
						"x": 0,
						"y": 0,
						"w": 45,
						"h": 46
					}
				}
			]
		}
	],
	"meta": {
		"app": "https://www.codeandweb.com/texturepacker",
		"version": "3.0",
		"smartupdate": "$TexturePacker:SmartUpdate:e6692a9d850b5f791548067cee4b8194:57d254a466c40167c18324911b533df8:bfb4a45aa0845aa2d4b2dd5245a95bbb$"
	}
}
