{
	"textures": [
		{
			"image": "849.png",
			"format": "RGBA8888",
			"size": {
				"w": 84,
				"h": 84
			},
			"scale": 1,
			"frames": [
				{
					"filename": "0001.png",
					"rotated": false,
					"trimmed": false,
					"sourceSize": {
						"w": 50,
						"h": 84
					},
					"spriteSourceSize": {
						"x": 0,
						"y": 0,
						"w": 50,
						"h": 84
					},
					"frame": {
						"x": 0,
						"y": 0,
						"w": 50,
						"h": 84
					}
				}
			]
		}
	],
	"meta": {
		"app": "https://www.codeandweb.com/texturepacker",
		"version": "3.0",
		"smartupdate": "$TexturePacker:SmartUpdate:3a5ba071dd33e343ee9056824ac9c6b8:0a685eff5e62fd9bf13212b19804245e:3e9ad7ba0eba3a0c2e3412970491103f$"
	}
}
