{
	"textures": [
		{
			"image": "856.png",
			"format": "RGBA8888",
			"size": {
				"w": 42,
				"h": 42
			},
			"scale": 1,
			"frames": [
				{
					"filename": "0001.png",
					"rotated": false,
					"trimmed": false,
					"sourceSize": {
						"w": 42,
						"h": 41
					},
					"spriteSourceSize": {
						"x": 0,
						"y": 0,
						"w": 42,
						"h": 41
					},
					"frame": {
						"x": 0,
						"y": 0,
						"w": 42,
						"h": 41
					}
				}
			]
		}
	],
	"meta": {
		"app": "https://www.codeandweb.com/texturepacker",
		"version": "3.0",
		"smartupdate": "$TexturePacker:SmartUpdate:ca85a37b21c13ec1c8adbb94da2f1e76:c3f024cdf2130ad2bc54053964c3bf30:1be333659cd33f346140dbec7ef2a87c$"
	}
}
