{
	"textures": [
		{
			"image": "862.png",
			"format": "RGBA8888",
			"size": {
				"w": 79,
				"h": 79
			},
			"scale": 1,
			"frames": [
				{
					"filename": "0001.png",
					"rotated": false,
					"trimmed": false,
					"sourceSize": {
						"w": 61,
						"h": 79
					},
					"spriteSourceSize": {
						"x": 0,
						"y": 0,
						"w": 61,
						"h": 79
					},
					"frame": {
						"x": 0,
						"y": 0,
						"w": 61,
						"h": 79
					}
				}
			]
		}
	],
	"meta": {
		"app": "https://www.codeandweb.com/texturepacker",
		"version": "3.0",
		"smartupdate": "$TexturePacker:SmartUpdate:7c2519de72125829a2c65934fa5623f9:47eaece1e44eff642229407c93825990:0590552e8f5b3f30a6add024de7d4d93$"
	}
}
