{
	"textures": [
		{
			"image": "869-matcha-cream.png",
			"format": "RGBA8888",
			"size": {
				"w": 55,
				"h": 55
			},
			"scale": 0.5,
			"frames": [
				{
					"filename": "0001.png",
					"rotated": false,
					"trimmed": false,
					"sourceSize": {
						"w": 96,
						"h": 96
					},
					"spriteSourceSize": {
						"x": 28,
						"y": 20,
						"w": 39,
						"h": 55
					},
					"frame": {
						"x": 0,
						"y": 0,
						"w": 39,
						"h": 55
					}
				}
			]
		}
	],
	"meta": {
		"app": "https://www.codeandweb.com/texturepacker",
		"version": "3.0",
		"smartupdate": "$TexturePacker:SmartUpdate:713d1a6f0fbac3236c31960e722f4425:29a82de035ed4f33426b4bb6943c4036:3607dee150b69bb8409f07bf4b436c27$"
	}
}
