{
	"textures": [
		{
			"image": "882.png",
			"format": "RGBA8888",
			"size": {
				"w": 82,
				"h": 82
			},
			"scale": 1,
			"frames": [
				{
					"filename": "0001.png",
					"rotated": false,
					"trimmed": false,
					"sourceSize": {
						"w": 56,
						"h": 82
					},
					"spriteSourceSize": {
						"x": 0,
						"y": 0,
						"w": 56,
						"h": 82
					},
					"frame": {
						"x": 0,
						"y": 0,
						"w": 56,
						"h": 82
					}
				}
			]
		}
	],
	"meta": {
		"app": "https://www.codeandweb.com/texturepacker",
		"version": "3.0",
		"smartupdate": "$TexturePacker:SmartUpdate:2c6c426fbd126ec56d46292870e92dd6:b72903d46ab2a45396678c4bedb802b9:99c2cabbb59deb20cf6bc9b595065759$"
	}
}
