{
	"textures": [
		{
			"image": "896.png",
			"format": "RGBA8888",
			"size": {
				"w": 83,
				"h": 83
			},
			"scale": 1,
			"frames": [
				{
					"filename": "0001.png",
					"rotated": false,
					"trimmed": false,
					"sourceSize": {
						"w": 60,
						"h": 83
					},
					"spriteSourceSize": {
						"x": 0,
						"y": 0,
						"w": 60,
						"h": 83
					},
					"frame": {
						"x": 0,
						"y": 0,
						"w": 60,
						"h": 83
					}
				}
			]
		}
	],
	"meta": {
		"app": "https://www.codeandweb.com/texturepacker",
		"version": "3.0",
		"smartupdate": "$TexturePacker:SmartUpdate:80b2bf37bc8621d074d93e4a89304d42:7db845b01b288c69eef4a395bf68ee30:b4f708dc02a51f50beb0c936e62e47f4$"
	}
}
