{
	"textures": [
		{
			"image": "907.png",
			"format": "RGBA8888",
			"size": {
				"w": 63,
				"h": 63
			},
			"scale": 0.5,
			"frames": [
				{
					"filename": "0001.png",
					"rotated": false,
					"trimmed": false,
					"sourceSize": {
						"w": 96,
						"h": 96
					},
					"spriteSourceSize": {
						"x": 30,
						"y": 16,
						"w": 37,
						"h": 63
					},
					"frame": {
						"x": 0,
						"y": 0,
						"w": 37,
						"h": 63
					}
				}
			]
		}
	],
	"meta": {
		"app": "https://www.codeandweb.com/texturepacker",
		"version": "3.0",
		"smartupdate": "$TexturePacker:SmartUpdate:797c1eee1752e5903782597a96f3a694:e20c5fb3e97ad8a12f0fe9fb067ad4ef:daf3725d38e3475d24c8a25f336bac24$"
	}
}
