{
	"textures": [
		{
			"image": "925-four.png",
			"format": "RGBA8888",
			"size": {
				"w": 69,
				"h": 69
			},
			"scale": 0.5,
			"frames": [
				{
					"filename": "0001.png",
					"rotated": false,
					"trimmed": false,
					"sourceSize": {
						"w": 96,
						"h": 96
					},
					"spriteSourceSize": {
						"x": 14,
						"y": 27,
						"w": 69,
						"h": 42
					},
					"frame": {
						"x": 0,
						"y": 0,
						"w": 69,
						"h": 42
					}
				}
			]
		}
	],
	"meta": {
		"app": "https://www.codeandweb.com/texturepacker",
		"version": "3.0",
		"smartupdate": "$TexturePacker:SmartUpdate:32c5c54df1140e4ce4a74b174d02b860:c0a2370855fb2ca90117a057399ec9d0:224b59d25e0d7fb5d8be5f92b2e03567$"
	}
}
