{
	"textures": [
		{
			"image": "931-white-plumage.png",
			"format": "RGBA8888",
			"size": {
				"w": 55,
				"h": 55
			},
			"scale": 0.5,
			"frames": [
				{
					"filename": "0001.png",
					"rotated": false,
					"trimmed": false,
					"sourceSize": {
						"w": 96,
						"h": 96
					},
					"spriteSourceSize": {
						"x": 30,
						"y": 20,
						"w": 36,
						"h": 55
					},
					"frame": {
						"x": 0,
						"y": 0,
						"w": 36,
						"h": 55
					}
				}
			]
		}
	],
	"meta": {
		"app": "https://www.codeandweb.com/texturepacker",
		"version": "3.0",
		"smartupdate": "$TexturePacker:SmartUpdate:e2d6ec18e883a79ffe1ab3f069e25104:04467999d0c587fea1b1c413b974bac7:8658f5daea455032d8ff1c52cecec59f$"
	}
}
