{
	"textures": [
		{
			"image": "934.png",
			"format": "RGBA8888",
			"size": {
				"w": 74,
				"h": 74
			},
			"scale": 0.5,
			"frames": [
				{
					"filename": "0001.png",
					"rotated": false,
					"trimmed": false,
					"sourceSize": {
						"w": 96,
						"h": 96
					},
					"spriteSourceSize": {
						"x": 11,
						"y": 13,
						"w": 74,
						"h": 69
					},
					"frame": {
						"x": 0,
						"y": 0,
						"w": 74,
						"h": 69
					}
				}
			]
		}
	],
	"meta": {
		"app": "https://www.codeandweb.com/texturepacker",
		"version": "3.0",
		"smartupdate": "$TexturePacker:SmartUpdate:c47e93764b3b9bb79bc09ea85a724ab0:b0cdc6c957ccd5800c60cb6f628fdbee:724b873643b8537ffbcd29cce2bc109a$"
	}
}
