{
	"textures": [
		{
			"image": "959.png",
			"format": "RGBA8888",
			"size": {
				"w": 73,
				"h": 73
			},
			"scale": 0.5,
			"frames": [
				{
					"filename": "0001.png",
					"rotated": false,
					"trimmed": false,
					"sourceSize": {
						"w": 96,
						"h": 96
					},
					"spriteSourceSize": {
						"x": 12,
						"y": 13,
						"w": 73,
						"h": 70
					},
					"frame": {
						"x": 0,
						"y": 0,
						"w": 73,
						"h": 70
					}
				}
			]
		}
	],
	"meta": {
		"app": "https://www.codeandweb.com/texturepacker",
		"version": "3.0",
		"smartupdate": "$TexturePacker:SmartUpdate:b6fd81877ee04349c1a86258053173d3:8468ba92f806a071a1708e683f912e37:9ff7dd32388d8cb312918685a62668ec$"
	}
}
