{
	"1": {
		"aca4ac": "a58291",
		"52414a": "432641",
		"ffffff": "fff4db",
		"000000": "101010",
		"83414a": "59141d",
		"e6738b": "a53835",
		"ee9ca4": "a53835",
		"b44a5a": "83272c",
		"c5c5c5": "b5969a",
		"a47329": "722966",
		"f6de83": "ee9bd5",
		"eebd5a": "ce5cb6",
		"dedede": "e0cdd9",
		"0a7ba2": "efa360",
		"45bade": "efa360"
	},
	"2": {
		"aca4ac": "6c7d9e",
		"52414a": "1f344a",
		"ffffff": "c4dff1",
		"000000": "101010",
		"83414a": "461f5d",
		"e6738b": "7d5187",
		"ee9ca4": "7d5187",
		"b44a5a": "633971",
		"c5c5c5": "8aacd2",
		"a47329": "205a9e",
		"f6de83": "5abbef",
		"eebd5a": "3a8dca",
		"dedede": "c4dff1",
		"0a7ba2": "3dc7b6",
		"45bade": "3dc7b6"
	}
}