{
	"1": {
		"402970": "97440c",
		"a68ae3": "d08528",
		"000000": "101010",
		"8565c7": "d08528",
		"7457b1": "b35e17",
		"aca4d5": "e3cfc1",
		"ffffff": "fafafa",
		"7b73a4": "b48f79",
		"cdcdee": "f3e6df",
		"ffcd5a": "9b75ff",
		"cda44a": "6734bf",
		"cd4a52": "6734bf"
	},
	"2": {
		"402970": "2393a2",
		"a68ae3": "5de2d5",
		"000000": "101010",
		"8565c7": "5de2d5",
		"7457b1": "2cbcbd",
		"aca4d5": "e4c7e1",
		"ffffff": "fafafa",
		"7b73a4": "c78ac4",
		"cdcdee": "eedaea",
		"ffcd5a": "e88a00",
		"cda44a": "dd6800",
		"cd4a52": "dd6800"
	}
}