{
	"1": {
		"1d1c1b": "01473a",
		"343332": "1c8155",
		"727374": "579666",
		"f5f5f6": "f5ffea",
		"abadaf": "95c090",
		"ff4e89": "ff69fa",
		"bc3065": "d414dd",
		"b4636f": "d414dd",
		"6f7071": "27323a",
		"949496": "3d494e",
		"ffa0bf": "ff69fa"
	},
	"2": {
		"1d1c1b": "412991",
		"343332": "7c4cd6",
		"727374": "18133d",
		"f5f5f6": "342d4c",
		"abadaf": "18133d",
		"ff4e89": "54f1ff",
		"bc3065": "0099ce",
		"b4636f": "0099ce",
		"6f7071": "2a1b4e",
		"949496": "554576",
		"ffa0bf": "54f1ff"
	}
}