{
	"1": {
		"836a5a": "991e47",
		"eedea4": "ff6666",
		"c5a47b": "cc3d55",
		"523939": "994c3d",
		"b47b4a": "ffcc99",
		"8b5a41": "cc8866",
		"624a41": "660a38",
		"ee5a4a": "bd7acc",
		"7b3941": "472866",
		"393736": "232533",
		"1a1a1a": "161626"
	},
	"2": {
		"836a5a": "948eb2",
		"eedea4": "ffffff",
		"c5a47b": "cecee5",
		"523939": "355699",
		"b47b4a": "8cd8ff",
		"8b5a41": "5b93cc",
		"624a41": "65597f",
		"ee5a4a": "ff884c",
		"7b3941": "990c00",
		"393736": "514766",
		"1a1a1a": "312c49"
	}
}