{
	"0": {
		"292952": "061638",
		"c59410": "3aadc5",
		"5a62ac": "236696",
		"7b7bcd": "65a2d5",
		"41418b": "19446e",
		"ffd518": "42d6de",
		"5a1000": "502209",
		"e64a31": "f7ac34",
		"bd3941": "9e5201"
	},
	"1": {
		"292952": "632f1b",
		"c59410": "255dd7",
		"5a62ac": "deae7a",
		"7b7bcd": "f2d8aa",
		"41418b": "b67252",
		"ffd518": "4caaff",
		"5a1000": "393648",
		"e64a31": "dce8e8",
		"bd3941": "9fb6bf"
	},
	"2": {
		"292952": "051a2e",
		"c59410": "23b8a8",
		"5a62ac": "2f434b",
		"7b7bcd": "689099",
		"41418b": "152c3b",
		"ffd518": "6fe6a3",
		"5a1000": "521000",
		"e64a31": "ec642c",
		"bd3941": "b23219"
	}
}