{
	"1": {
		"282f62": "f7d9de",
		"c4c5cf": "e3c2ca",
		"84a4a7": "563785",
		"a82c47": "d45b9e",
		"8aa3a3": "6b415b",
		"8da8a8": "a58b90",
		"1d3962": "28142c",
		"d75063": "b73891",
		"d9cacd": "f7d9de",
		"808280": "020501",
		"1e224e": "dc95ae",
		"1e5b9b": "4d244b",
		"181531": "a26579",
		"6b1c34": "8f3396",
		"597471": "332a59",
		"494a48": "3d2439"
	},
	"2": {
		"282f62": "efdfee",
		"c4c5cf": "232d2e",
		"84a4a7": "41857b",
		"a82c47": "8abfb1",
		"8aa3a3": "181f20",
		"faf9f9": "2c3940",
		"8da8a8": "bdbdbd",
		"1d3962": "321e1e",
		"d75063": "8f65d8",
		"1e224e": "ba9bc1",
		"1e5b9b": "5e3e38",
		"181531": "715b72",
		"6b1c34": "6d9d9a",
		"597471": "2a5c57",
		"494a48": "0b0f18"
	}
}