{
	"1": {
		"363636": "4c2855",
		"d1bf6b": "a0c896",
		"9d7247": "838b53",
		"4e4e4e": "895a9f",
		"747474": "a97dbb",
		"bfbfbf": "b294be",
		"8c8c8c": "895a9f",
		"4d4d4d": "9c615f",
		"f8f8f8": "ffffff",
		"b3b3b3": "e9c7c4",
		"802626": "005361",
		"ff4c4c": "00aacd",
		"eed83e": "cae2c3"
	},
	"2": {
		"363636": "05312f",
		"d1bf6b": "ffe0ba",
		"9d7247": "dda476",
		"4e4e4e": "377772",
		"747474": "73bdae",
		"bfbfbf": "a70d37",
		"8c8c8c": "590015",
		"4d4d4d": "590015",
		"f8f8f8": "c83e4c",
		"b3b3b3": "a70d37",
		"802626": "004270",
		"ff4c4c": "0092dd",
		"eed83e": "ffe0ba"
	}
}