{
	"1": {
		"706050": "635c55",
		"7f6f1f": "034020",
		"cfbfaf": "d5cabf",
		"cfae4f": "0a6323",
		"faef69": "1a8e16",
		"df4f4f": "dc6295",
		"ef6f6f": "ef6fbe",
		"1d563a": "95315a",
		"4b8e4b": "e493a1",
		"a59a5b": "054e19",
		"d1c472": "6f950a",
		"fffd97": "abb830",
		"ffffff": "abb830",
		"206040": "094740",
		"509950": "1d8057",
		"90bf60": "3baa65"
	},
	"2": {
		"706050": "6a532c",
		"f8f7f9": "fffde0",
		"7f6f1f": "393833",
		"cfbfaf": "ead295",
		"cfae4f": "c4c6bf",
		"faef69": "fdfffb",
		"df4f4f": "bf8f10",
		"ef6f6f": "d7a34e",
		"1d563a": "945919",
		"4b8e4b": "f1d74b",
		"a59a5b": "215510",
		"d1c472": "739f1f",
		"fffd97": "afcf4f",
		"ffffff": "afcf4f",
		"206040": "121c0d",
		"509950": "3c403a",
		"90bf60": "8f948c"
	}
}