{
	"textures": [
		{
			"image": "669-red_2.png",
			"format": "RGBA8888",
			"size": {
				"w": 159,
				"h": 159
			},
			"scale": 1,
			"frames": [
				{
					"filename": "0003.png",
					"rotated": false,
					"trimmed": true,
					"sourceSize": {
						"w": 47,
						"h": 55
					},
					"spriteSourceSize": {
						"x": 0,
						"y": 1,
						"w": 47,
						"h": 54
					},
					"frame": {
						"x": 0,
						"y": 0,
						"w": 47,
						"h": 54
					}
				},
				{
					"filename": "0011.png",
					"rotated": false,
					"trimmed": true,
					"sourceSize": {
						"w": 47,
						"h": 55
					},
					"spriteSourceSize": {
						"x": 0,
						"y": 1,
						"w": 47,
						"h": 54
					},
					"frame": {
						"x": 0,
						"y": 0,
						"w": 47,
						"h": 54
					}
				},
				{
					"filename": "0005.png",
					"rotated": false,
					"trimmed": true,
					"sourceSize": {
						"w": 47,
						"h": 55
					},
					"spriteSourceSize": {
						"x": 0,
						"y": 1,
						"w": 47,
						"h": 54
					},
					"frame": {
						"x": 0,
						"y": 54,
						"w": 47,
						"h": 54
					}
				},
				{
					"filename": "0009.png",
					"rotated": false,
					"trimmed": true,
					"sourceSize": {
						"w": 47,
						"h": 55
					},
					"spriteSourceSize": {
						"x": 0,
						"y": 1,
						"w": 47,
						"h": 54
					},
					"frame": {
						"x": 0,
						"y": 54,
						"w": 47,
						"h": 54
					}
				},
				{
					"filename": "0001.png",
					"rotated": false,
					"trimmed": true,
					"sourceSize": {
						"w": 47,
						"h": 55
					},
					"spriteSourceSize": {
						"x": 0,
						"y": 0,
						"w": 47,
						"h": 51
					},
					"frame": {
						"x": 0,
						"y": 108,
						"w": 47,
						"h": 51
					}
				},
				{
					"filename": "0006.png",
					"rotated": false,
					"trimmed": true,
					"sourceSize": {
						"w": 47,
						"h": 55
					},
					"spriteSourceSize": {
						"x": 0,
						"y": 0,
						"w": 47,
						"h": 54
					},
					"frame": {
						"x": 47,
						"y": 0,
						"w": 47,
						"h": 54
					}
				},
				{
					"filename": "0008.png",
					"rotated": false,
					"trimmed": true,
					"sourceSize": {
						"w": 47,
						"h": 55
					},
					"spriteSourceSize": {
						"x": 0,
						"y": 0,
						"w": 47,
						"h": 54
					},
					"frame": {
						"x": 94,
						"y": 0,
						"w": 47,
						"h": 54
					}
				},
				{
					"filename": "0002.png",
					"rotated": false,
					"trimmed": true,
					"sourceSize": {
						"w": 47,
						"h": 55
					},
					"spriteSourceSize": {
						"x": 0,
						"y": 0,
						"w": 47,
						"h": 53
					},
					"frame": {
						"x": 47,
						"y": 54,
						"w": 47,
						"h": 53
					}
				},
				{
					"filename": "0012.png",
					"rotated": false,
					"trimmed": true,
					"sourceSize": {
						"w": 47,
						"h": 55
					},
					"spriteSourceSize": {
						"x": 0,
						"y": 0,
						"w": 47,
						"h": 53
					},
					"frame": {
						"x": 47,
						"y": 54,
						"w": 47,
						"h": 53
					}
				},
				{
					"filename": "0007.png",
					"rotated": false,
					"trimmed": true,
					"sourceSize": {
						"w": 47,
						"h": 55
					},
					"spriteSourceSize": {
						"x": 0,
						"y": 0,
						"w": 47,
						"h": 52
					},
					"frame": {
						"x": 47,
						"y": 107,
						"w": 47,
						"h": 52
					}
				},
				{
					"filename": "0004.png",
					"rotated": false,
					"trimmed": true,
					"sourceSize": {
						"w": 47,
						"h": 55
					},
					"spriteSourceSize": {
						"x": 0,
						"y": 2,
						"w": 47,
						"h": 53
					},
					"frame": {
						"x": 94,
						"y": 54,
						"w": 47,
						"h": 53
					}
				},
				{
					"filename": "0010.png",
					"rotated": false,
					"trimmed": true,
					"sourceSize": {
						"w": 47,
						"h": 55
					},
					"spriteSourceSize": {
						"x": 0,
						"y": 2,
						"w": 47,
						"h": 53
					},
					"frame": {
						"x": 94,
						"y": 54,
						"w": 47,
						"h": 53
					}
				}
			]
		}
	],
	"meta": {
		"app": "https://www.codeandweb.com/texturepacker",
		"version": "3.0",
		"smartupdate": "$TexturePacker:SmartUpdate:58139ca151960a3dade06e99e9a37b67:19f0cd547c603cbd381f98c4d7e770cc:9f8ada9cf46c4e29f954b2eb815bc4e5$"
	}
}