{
	"1": {
		"a24b1e": "5c2c09",
		"f1963b": "cd9231",
		"857402": "5c0d0d",
		"c6763c": "aa571d",
		"f0eb57": "a3382c",
		"dcd405": "871723",
		"10765d": "094740",
		"86b24d": "1d8057",
		"aae762": "38c96f",
		"107359": "d9567f",
		"52ab5d": "e493a1",
		"0f5436": "ae2d63",
		"74660f": "5c0d0d",
		"c0ba4b": "871723",
		"b3ae28": "871723",
		"211d1d": "73141e"
	},
	"2": {
		"a24b1e": "215510",
		"f1963b": "afcf4f",
		"857402": "b1b1b1",
		"c6763c": "739f1f",
		"f0eb57": "f8f8f4",
		"dcd405": "dcdad8",
		"10765d": "121c0d",
		"86b24d": "3c403a",
		"aae762": "737975",
		"107359": "dd7141",
		"52ab5d": "ea8c48",
		"0f5436": "ae3b12",
		"879496": "792a15",
		"f5f7fa": "ffeacf",
		"cecee6": "f8cab4",
		"74660f": "b1b1b1",
		"c0ba4b": "dcdad8",
		"b3ae28": "dcdad8",
		"211d1d": "0f5741",
		"9b93c4": "d78876"
	}
}