{
	"1": {
		"3d3128": "641028",
		"67615b": "9e2c3d",
		"554538": "781329",
		"0e5d58": "8c6859",
		"0d835a": "d2af94",
		"74593a": "61240a",
		"09a766": "f8f0e2",
		"efeded": "f8e2b7",
		"cabfbb": "e3a378",
		"a8905c": "9e4e21",
		"c16a3f": "552d30",
		"c6b379": "ce8648",
		"ae492a": "321512"
	},
	"2": {
		"3d3128": "121123",
		"67615b": "201e33",
		"554538": "201e33",
		"0e5d58": "36466c",
		"0d835a": "6893b6",
		"74593a": "513a6b",
		"09a766": "96e3e3",
		"efeded": "ffeffe",
		"cabfbb": "d4b3d7",
		"a8905c": "74a0a5",
		"c16a3f": "9f5f9b",
		"c6b379": "c3e1cf",
		"ae492a": "612c6b"
	}
}