{
	"1": {
		"32252c": "3e1e17",
		"50131e": "0b241e",
		"722533": "153626",
		"54434c": "4c3216",
		"964b1c": "5e0b0b",
		"963e4e": "285234",
		"bf7545": "971c1c",
		"f19d5a": "b52424",
		"9f9d98": "ad8c63",
		"cccccc": "cbbe8c",
		"fafafa": "dfdea7",
		"cac2c2": "cbbe8c",
		"f7eeee": "dfdea7",
		"53414b": "4c3216",
		"30222a": "3e1e17",
		"53454d": "4c3216"
	},
	"2": {
		"32252c": "0d0124",
		"50131e": "573b36",
		"722533": "83726e",
		"54434c": "170c25",
		"964b1c": "9d5390",
		"963e4e": "ab9b97",
		"bf7545": "ce7ecc",
		"f19d5a": "f4dbf6",
		"9f9d98": "26173b",
		"cccccc": "33214f",
		"fafafa": "4b2e64",
		"cac2c2": "ce7ecc",
		"f7eeee": "f4dbf6",
		"53414b": "dea5dd",
		"30222a": "ce7ecc",
		"53454d": "f4dbf6"
	}
}