{
	"1": {
		"859ba7": "7c3b51",
		"d3edfb": "ffc8d1",
		"c2d3dc": "d187a0",
		"c3d600": "673252",
		"707b0a": "3a112f",
		"a8ba00": "4e1f42",
		"423e35": "395677",
		"817b6e": "5ea3b8",
		"1e414f": "7e2839",
		"424a56": "ae504b",
		"62c4e5": "f3bd8a",
		"1a1c1e": "4c152c",
		"2b2f34": "812b3e",
		"4e91a7": "d3795b"
	},
	"2": {
		"859ba7": "55506a",
		"d3edfb": "dce7ee",
		"c2d3dc": "a7a2bc",
		"c3d600": "72add9",
		"707b0a": "263756",
		"a8ba00": "4980ac",
		"423e35": "75291a",
		"817b6e": "bc521d",
		"424a56": "f5cf52",
		"62c4e5": "3b5373",
		"1a1c1e": "834723",
		"2b2f34": "d49435",
		"4e91a7": "28355c"
	}
}