{
	"1": {
		"7a5c52": "775d73",
		"e3e6ec": "bdd1e5",
		"d6c4b2": "c8b19a",
		"483c39": "3a2d53",
		"3f3b50": "1e172a",
		"0073bf": "7a4949",
		"565969": "30365c",
		"79615e": "504a75",
		"a38479": "c18cb8",
		"251845": "753c32",
		"bcbbc5": "788fb5",
		"125d4b": "ce7f3f",
		"9618e0": "dc9c4d",
		"e64f5e": "f1944a",
		"1e9378": "f8ce64",
		"5399df": "b59489",
		"1d1845": "2e191f",
		"d6c4b1": "e5d2bd",
		"aba7bc": "493d55",
		"f3ebdc": "fff5d8"
	},
	"2": {
		"7a5c52": "50433d",
		"e3e6ec": "444455",
		"d6c4b2": "d6c4b1",
		"483c39": "778894",
		"0073bf": "6a6c75",
		"565969": "0f0f1b",
		"79615e": "d6d4d4",
		"a38479": "f9de6c",
		"251845": "425735",
		"bcbbc5": "242433",
		"125d4b": "816f5b",
		"9618e0": "ade265",
		"e64f5e": "98ce58",
		"1e9378": "d6c4b1",
		"5399df": "92949e",
		"1d1845": "41434e",
		"d6c4b1": "e7eef2",
		"aba7bc": "dbd8e8",
		"f3ebdc": "acb4bd"
	}
}