{
	"1": {
		"a93610": "b51140",
		"9a5f29": "7a80ab",
		"605c57": "b72011",
		"ee8b6a": "debdd4",
		"d39a4e": "debdd4",
		"f5df63": "edf4ff",
		"000000": "080808",
		"f8f8f8": "ffbe60",
		"cb5432": "f14f77",
		"acacac": "da6e40",
		"9a5f28": "7a80ab",
		"393934": "7c0004",
		"c08b27": "debdd4",
		"1c2e5e": "7c0004",
		"08579d": "810300",
		"0bacea": "677dff",
		"7a4035": "7a80ab",
		"3a3a36": "7c0004",
		"838383": "a5381c",
		"cb5430": "f14f77",
		"fcfcfc": "ffbe60",
		"f3e260": "edf4ff"
	},
	"2": {
		"a93610": "d36d00",
		"9a5f29": "5b021d",
		"605c57": "062139",
		"ee8b6a": "890425",
		"d39a4e": "890425",
		"f5df63": "ae1a3d",
		"000000": "080808",
		"f8f8f8": "584193",
		"cb5432": "ffcd6e",
		"acacac": "322e6c",
		"9a5f28": "5b021d",
		"393934": "03123e",
		"c08b27": "890425",
		"1c2e5e": "03123e",
		"08579d": "1a224a",
		"0bacea": "d51d3c",
		"7a4035": "5b021d",
		"3a3a36": "03123e",
		"838383": "0b1f45",
		"cb5430": "ffcd6e",
		"fcfcfc": "584193",
		"f3e260": "ae1a3d"
	}
}