{
	"1": {
		"1d948a": "bb6e1d",
		"2dc8b3": "e0a135",
		"4c7e71": "2d3cb0",
		"fefefe": "f9e5d1",
		"2b584b": "19155c",
		"82ada4": "506ee3",
		"bccfc4": "f2b97f",
		"b3e088": "ffc785",
		"a3e2bb": "9db7f4",
		"53ca89": "f0f5f9",
		"193124": "09112e"
	},
	"2": {
		"1d948a": "77d4a9",
		"2dc8b3": "bff3bb",
		"4c7e71": "69132d",
		"fefefe": "534757",
		"2b584b": "410425",
		"82ada4": "8b1933",
		"bccfc4": "242733",
		"b3e088": "232323",
		"a3e2bb": "bd2f62",
		"53ca89": "bbf3ef",
		"193124": "330007"
	}
}