{
	"1": {
		"7b3131": "3f2729",
		"e66a7b": "5b3332",
		"ff9494": "885345",
		"ffbdac": "ad7459",
		"835a20": "9f675f",
		"eed583": "d49983",
		"ffeeb4": "e0b69d",
		"cda462": "b97565",
		"52525a": "7c5b40",
		"8b9494": "bf9562",
		"e65229": "7a4e43",
		"b4bdbd": "f0d090"
	},
	"2": {
		"7b3131": "bf8645",
		"e66a7b": "d9a95d",
		"ff9494": "e8cd82",
		"ffbdac": "f7e6a8",
		"835a20": "69080f",
		"eed583": "b34d2e",
		"ffeeb4": "d16b34",
		"cda462": "8f2622",
		"52525a": "192b32",
		"8b9494": "2a4947",
		"e65229": "e3c778",
		"b4bdbd": "4b7567"
	}
}