{
	"1": {
		"20496a": "624427",
		"293233": "5f0021",
		"3695ce": "afa191",
		"5a646c": "890425",
		"72baf3": "e6ded2",
		"a6bad9": "f1a54f",
		"838f95": "c8245d",
		"c7e5ff": "efe9dd",
		"74b2d8": "bc1836",
		"434b51": "5f0021",
		"edf0ff": "ffd386",
		"617898": "86102d",
		"b2d7f0": "eb422a",
		"1b2021": "3a001c",
		"0b82b7": "b140f3",
		"a42828": "dc1246",
		"e95d5d": "ff5178",
		"53f2f2": "d58aff",
		"ffa0dd": "ffd386"
	},
	"2": {
		"20496a": "3b0015",
		"293233": "3e135f",
		"3695ce": "5b0318",
		"5a646c": "602483",
		"72baf3": "970b22",
		"a6bad9": "e79093",
		"838f95": "f66fdc",
		"c7e5ff": "e44c51",
		"74b2d8": "1a3186",
		"434b51": "4b1874",
		"edf0ff": "ffd1d1",
		"617898": "b95261",
		"b2d7f0": "1550a1",
		"1b2021": "240842",
		"0b82b7": "2e5dda",
		"a42828": "901323",
		"e95d5d": "da2e2e",
		"53f2f2": "579eff"
	}
}