{
	"1": {
		"183569": "572225",
		"0a5fba": "80222e",
		"6c4499": "a1572f",
		"a278c7": "dd8a4f",
		"0b89bf": "9a3538",
		"005980": "631425",
		"70cce0": "eb8577",
		"31b5d0": "cf5b5d",
		"6ba01b": "a36d5d",
		"ccc7cd": "c7c1bd",
		"3d6424": "83403e",
		"8cd222": "d99f8d"
	},
	"2": {
		"183569": "731f4e",
		"0a5fba": "da5c8a",
		"6c4499": "2c68a3",
		"a278c7": "65c2e5",
		"0b89bf": "dc7647",
		"005980": "7c2f23",
		"70cce0": "ffe5a3",
		"31b5d0": "fcbe6d",
		"6ba01b": "ba2c22",
		"ccc7cd": "becee1",
		"3d6424": "731317",
		"8cd222": "d85633"
	}
}