{
	"1": {
		"5e401f": "592626",
		"ffd45c": "ed9e6d",
		"cf9a4c": "b7763c",
		"5c5575": "923e36",
		"72cfcc": "7c2039",
		"4bb2af": "6d142c",
		"215557": "531d2b",
		"9aedea": "b74f6c",
		"af63c4": "ffffeb",
		"c3bfe0": "c06d66",
		"f5f9fa": "f2bbaa",
		"f79e67": "eb8328",
		"d38095": "ef9e5c",
		"733a87": "cc752f"
	},
	"2": {
		"5e401f": "463f2b",
		"ffd45c": "998c68",
		"cf9a4c": "817958",
		"5c5575": "1d171e",
		"72cfcc": "999491",
		"4bb2af": "7c7270",
		"215557": "222221",
		"9aedea": "fdfdfd",
		"af63c4": "82b183",
		"c3bfe0": "3e383a",
		"f5f9fa": "524c4e",
		"f79e67": "f4f394",
		"d38095": "c6c95e",
		"733a87": "49755c"
	}
}