{
	"1": {
		"66716c": "59879a",
		"bfc1bf": "b4e0d3",
		"8f9c95": "85c1c0",
		"181a1d": "1c1922",
		"3d4547": "4e385a",
		"24282b": "342b49",
		"ef9b50": "fbe663",
		"dd5e33": "df9834",
		"9aa094": "9fb8bc",
		"84726f": "928eb0",
		"5b4e4d": "4e455c",
		"ada09a": "d5d0dd"
	},
	"2": {
		"66716c": "331a37",
		"bfc1bf": "92264b",
		"8f9c95": "6d0b3c",
		"181a1d": "0f2127",
		"3d4547": "417778",
		"24282b": "234a56",
		"ef9b50": "c4e857",
		"dd5e33": "75b631",
		"f3f3f3": "d9a668",
		"9aa094": "a96840",
		"84726f": "27293c",
		"5b4e4d": "141626",
		"ada09a": "4c4d62"
	}
}