{
	"1": {
		"2d2f7b": "102c2c",
		"396dce": "70a757",
		"2d48a8": "3c6959",
		"8f4e2f": "2f4567",
		"f2db8a": "a1c9cd",
		"d79a53": "5a829b",
		"eb363a": "614378",
		"fffccc": "d3eeea",
		"731a27": "1c163d",
		"ae2836": "422b61",
		"34313e": "19142f",
		"8887a8": "d69f97",
		"c2c3cf": "ffe0cc"
	},
	"2": {
		"2d2f7b": "244e61",
		"396dce": "6fc7c1",
		"2d48a8": "4797a4",
		"8f4e2f": "692e47",
		"f2db8a": "c4826b",
		"d79a53": "964c5c",
		"eb363a": "e6ecff",
		"fffccc": "e5b885",
		"731a27": "615c7e",
		"ae2836": "9fa7d0",
		"34313e": "19142f",
		"8887a8": "442e49",
		"c2c3cf": "694f69"
	}
}