{
	"0": {
		"757474": "444561",
		"ffffff": "cddef1",
		"4e4e4e": "444561",
		"d0c7ca": "9c89d2",
		"9e9b9c": "5a6e8f",
		"000000": "0f0f0f",
		"ece7e9": "cddef1",
		"ffc5c5": "9c89d2",
		"e0b1b5": "9c89d2",
		"6d4255": "444561",
		"c0646b": "5a6e8f",
		"7894ce": "7575af",
		"bbc7e4": "a3a6ef",
		"536da1": "755382",
		"f5f3f3": "cddef1"
	},
	"1": {
		"757474": "543131",
		"ffffff": "b39090",
		"4e4e4e": "543131",
		"d0c7ca": "785e5e",
		"9e9b9c": "6e4343",
		"000000": "0f0f0f",
		"ece7e9": "b39090",
		"ffc5c5": "785e5e",
		"e0b1b5": "785e5e",
		"6d4255": "543131",
		"c0646b": "6e4343",
		"7894ce": "cb898b",
		"bbc7e4": "eaafb2",
		"536da1": "a15d55",
		"f5f3f3": "b39090"
	},
	"2": {
		"757474": "252526",
		"ffffff": "757373",
		"4e4e4e": "252526",
		"d0c7ca": "4b4b4d",
		"9e9b9c": "3c3c3d",
		"000000": "0f0f0f",
		"ece7e9": "757373",
		"ffc5c5": "4b4b4d",
		"e0b1b5": "4b4b4d",
		"6d4255": "252526",
		"c0646b": "3c3c3d",
		"7894ce": "5e3e4c",
		"bbc7e4": "7a5b5d",
		"536da1": "471910",
		"f5f3f3": "757373"
	}
}