{
	"1": {
		"dd967d": "383c79",
		"ae6857": "1d2464",
		"f8d3c2": "8b91c8",
		"f2b69f": "6d6ba4",
		"976924": "a50927",
		"ffec37": "ff6237",
		"fef8f5": "fff4f1",
		"eaba2b": "b9352b",
		"d2bbac": "e2bea6",
		"886b59": "8d5740",
		"006bc4": "8d5740",
		"008bff": "8d5740"
	},
	"2": {
		"dd967d": "972534",
		"ae6857": "7d1227",
		"f8d3c2": "eb9a93",
		"f2b69f": "ce4847",
		"976924": "254087",
		"ffec37": "4b86bd",
		"fef8f5": "ffede5",
		"eaba2b": "2e609b",
		"d2bbac": "d8bdab",
		"886b59": "ad927b",
		"006bc4": "ad927b",
		"008bff": "ad927b"
	}
}