{
	"1": {
		"294e25": "55321d",
		"51c444": "facf81",
		"3f8147": "d38c43",
		"641e1c": "8c2f0a",
		"a23424": "bb5a2b",
		"ef5131": "f8975d",
		"69ab7b": "be8a84",
		"cdcdcd": "ffd2cc",
		"dd5800": "ffb676",
		"42804b": "9d6b5b",
		"ee3131": "9d560e",
		"e65a29": "c8833c",
		"ff9c18": "e4ce6d",
		"ffde52": "fffaa5",
		"476b51": "704f4f",
		"262826": "3b1720",
		"3c5042": "4c292f",
		"733131": "7d3c04"
	},
	"2": {
		"294e25": "3f3399",
		"51c444": "90c3ea",
		"3f8147": "627bcd",
		"641e1c": "8c1f39",
		"a23424": "cb486d",
		"ef5131": "f77baf",
		"69ab7b": "c4a4eb",
		"cdcdcd": "f8f3fe",
		"dd5800": "f597cf",
		"42804b": "9884d3",
		"ee3131": "e03d64",
		"e65a29": "f577a1",
		"ff9c18": "fa95d1",
		"ffde52": "fecff5",
		"476b51": "f8f3fe",
		"262826": "9986b3",
		"3c5042": "cfbfe6",
		"733131": "aa1e40"
	}
}