{
	"textures": [
		{
			"image": "959_3.png",
			"format": "RGBA8888",
			"size": {
				"w": 727,
				"h": 727
			},
			"scale": 1,
			"frames": [
				{
					"filename": "0076.png",
					"rotated": false,
					"trimmed": true,
					"sourceSize": {
						"w": 150,
						"h": 136
					},
					"spriteSourceSize": {
						"x": 1,
						"y": 73,
						"w": 142,
						"h": 53
					},
					"frame": {
						"x": 0,
						"y": 0,
						"w": 142,
						"h": 53
					}
				},
				{
					"filename": "0086.png",
					"rotated": false,
					"trimmed": true,
					"sourceSize": {
						"w": 150,
						"h": 136
					},
					"spriteSourceSize": {
						"x": 1,
						"y": 73,
						"w": 141,
						"h": 54
					},
					"frame": {
						"x": 142,
						"y": 0,
						"w": 141,
						"h": 54
					}
				},
				{
					"filename": "0087.png",
					"rotated": false,
					"trimmed": true,
					"sourceSize": {
						"w": 150,
						"h": 136
					},
					"spriteSourceSize": {
						"x": 1,
						"y": 72,
						"w": 141,
						"h": 54
					},
					"frame": {
						"x": 0,
						"y": 53,
						"w": 141,
						"h": 54
					}
				},
				{
					"filename": "0088.png",
					"rotated": false,
					"trimmed": true,
					"sourceSize": {
						"w": 150,
						"h": 136
					},
					"spriteSourceSize": {
						"x": 1,
						"y": 71,
						"w": 141,
						"h": 54
					},
					"frame": {
						"x": 283,
						"y": 0,
						"w": 141,
						"h": 54
					}
				},
				{
					"filename": "0077.png",
					"rotated": false,
					"trimmed": true,
					"sourceSize": {
						"w": 150,
						"h": 136
					},
					"spriteSourceSize": {
						"x": 1,
						"y": 74,
						"w": 141,
						"h": 51
					},
					"frame": {
						"x": 424,
						"y": 0,
						"w": 141,
						"h": 51
					}
				},
				{
					"filename": "0078.png",
					"rotated": false,
					"trimmed": true,
					"sourceSize": {
						"w": 150,
						"h": 136
					},
					"spriteSourceSize": {
						"x": 1,
						"y": 74,
						"w": 141,
						"h": 51
					},
					"frame": {
						"x": 565,
						"y": 0,
						"w": 141,
						"h": 51
					}
				},
				{
					"filename": "0079.png",
					"rotated": false,
					"trimmed": true,
					"sourceSize": {
						"w": 150,
						"h": 136
					},
					"spriteSourceSize": {
						"x": 1,
						"y": 74,
						"w": 141,
						"h": 51
					},
					"frame": {
						"x": 424,
						"y": 51,
						"w": 141,
						"h": 51
					}
				},
				{
					"filename": "0072.png",
					"rotated": false,
					"trimmed": true,
					"sourceSize": {
						"w": 150,
						"h": 136
					},
					"spriteSourceSize": {
						"x": 0,
						"y": 71,
						"w": 139,
						"h": 64
					},
					"frame": {
						"x": 565,
						"y": 51,
						"w": 139,
						"h": 64
					}
				},
				{
					"filename": "0075.png",
					"rotated": false,
					"trimmed": true,
					"sourceSize": {
						"w": 150,
						"h": 136
					},
					"spriteSourceSize": {
						"x": 1,
						"y": 72,
						"w": 139,
						"h": 54
					},
					"frame": {
						"x": 141,
						"y": 54,
						"w": 139,
						"h": 54
					}
				},
				{
					"filename": "0080.png",
					"rotated": false,
					"trimmed": true,
					"sourceSize": {
						"w": 150,
						"h": 136
					},
					"spriteSourceSize": {
						"x": 1,
						"y": 73,
						"w": 139,
						"h": 52
					},
					"frame": {
						"x": 0,
						"y": 107,
						"w": 139,
						"h": 52
					}
				},
				{
					"filename": "0082.png",
					"rotated": false,
					"trimmed": true,
					"sourceSize": {
						"w": 150,
						"h": 136
					},
					"spriteSourceSize": {
						"x": 1,
						"y": 73,
						"w": 137,
						"h": 54
					},
					"frame": {
						"x": 280,
						"y": 54,
						"w": 137,
						"h": 54
					}
				},
				{
					"filename": "0081.png",
					"rotated": false,
					"trimmed": true,
					"sourceSize": {
						"w": 150,
						"h": 136
					},
					"spriteSourceSize": {
						"x": 1,
						"y": 72,
						"w": 137,
						"h": 53
					},
					"frame": {
						"x": 417,
						"y": 102,
						"w": 137,
						"h": 53
					}
				},
				{
					"filename": "0085.png",
					"rotated": false,
					"trimmed": true,
					"sourceSize": {
						"w": 150,
						"h": 136
					},
					"spriteSourceSize": {
						"x": 1,
						"y": 74,
						"w": 136,
						"h": 53
					},
					"frame": {
						"x": 554,
						"y": 115,
						"w": 136,
						"h": 53
					}
				},
				{
					"filename": "0074.png",
					"rotated": false,
					"trimmed": true,
					"sourceSize": {
						"w": 150,
						"h": 136
					},
					"spriteSourceSize": {
						"x": 1,
						"y": 71,
						"w": 134,
						"h": 56
					},
					"frame": {
						"x": 139,
						"y": 108,
						"w": 134,
						"h": 56
					}
				},
				{
					"filename": "0073.png",
					"rotated": false,
					"trimmed": true,
					"sourceSize": {
						"w": 150,
						"h": 136
					},
					"spriteSourceSize": {
						"x": 1,
						"y": 71,
						"w": 134,
						"h": 55
					},
					"frame": {
						"x": 0,
						"y": 159,
						"w": 134,
						"h": 55
					}
				},
				{
					"filename": "0083.png",
					"rotated": false,
					"trimmed": true,
					"sourceSize": {
						"w": 150,
						"h": 136
					},
					"spriteSourceSize": {
						"x": 1,
						"y": 74,
						"w": 133,
						"h": 54
					},
					"frame": {
						"x": 273,
						"y": 108,
						"w": 133,
						"h": 54
					}
				},
				{
					"filename": "0089.png",
					"rotated": false,
					"trimmed": true,
					"sourceSize": {
						"w": 150,
						"h": 136
					},
					"spriteSourceSize": {
						"x": 1,
						"y": 66,
						"w": 132,
						"h": 59
					},
					"frame": {
						"x": 406,
						"y": 155,
						"w": 132,
						"h": 59
					}
				},
				{
					"filename": "0071.png",
					"rotated": false,
					"trimmed": true,
					"sourceSize": {
						"w": 150,
						"h": 136
					},
					"spriteSourceSize": {
						"x": 0,
						"y": 70,
						"w": 131,
						"h": 66
					},
					"frame": {
						"x": 273,
						"y": 162,
						"w": 131,
						"h": 66
					}
				},
				{
					"filename": "0084.png",
					"rotated": false,
					"trimmed": true,
					"sourceSize": {
						"w": 150,
						"h": 136
					},
					"spriteSourceSize": {
						"x": 1,
						"y": 74,
						"w": 131,
						"h": 53
					},
					"frame": {
						"x": 134,
						"y": 164,
						"w": 131,
						"h": 53
					}
				},
				{
					"filename": "0090.png",
					"rotated": false,
					"trimmed": true,
					"sourceSize": {
						"w": 150,
						"h": 136
					},
					"spriteSourceSize": {
						"x": 1,
						"y": 61,
						"w": 130,
						"h": 64
					},
					"frame": {
						"x": 0,
						"y": 214,
						"w": 130,
						"h": 64
					}
				},
				{
					"filename": "0070.png",
					"rotated": false,
					"trimmed": true,
					"sourceSize": {
						"w": 150,
						"h": 136
					},
					"spriteSourceSize": {
						"x": 0,
						"y": 69,
						"w": 115,
						"h": 67
					},
					"frame": {
						"x": 130,
						"y": 217,
						"w": 115,
						"h": 67
					}
				},
				{
					"filename": "0068.png",
					"rotated": false,
					"trimmed": true,
					"sourceSize": {
						"w": 150,
						"h": 136
					},
					"spriteSourceSize": {
						"x": 1,
						"y": 67,
						"w": 112,
						"h": 58
					},
					"frame": {
						"x": 0,
						"y": 278,
						"w": 112,
						"h": 58
					}
				},
				{
					"filename": "0067.png",
					"rotated": false,
					"trimmed": true,
					"sourceSize": {
						"w": 150,
						"h": 136
					},
					"spriteSourceSize": {
						"x": 5,
						"y": 47,
						"w": 109,
						"h": 75
					},
					"frame": {
						"x": 538,
						"y": 168,
						"w": 109,
						"h": 75
					}
				},
				{
					"filename": "0060.png",
					"rotated": false,
					"trimmed": true,
					"sourceSize": {
						"w": 150,
						"h": 136
					},
					"spriteSourceSize": {
						"x": 25,
						"y": 11,
						"w": 79,
						"h": 105
					},
					"frame": {
						"x": 647,
						"y": 168,
						"w": 79,
						"h": 105
					}
				},
				{
					"filename": "0091.png",
					"rotated": false,
					"trimmed": true,
					"sourceSize": {
						"w": 150,
						"h": 136
					},
					"spriteSourceSize": {
						"x": 1,
						"y": 66,
						"w": 109,
						"h": 59
					},
					"frame": {
						"x": 404,
						"y": 214,
						"w": 109,
						"h": 59
					}
				},
				{
					"filename": "0066.png",
					"rotated": false,
					"trimmed": true,
					"sourceSize": {
						"w": 150,
						"h": 136
					},
					"spriteSourceSize": {
						"x": 11,
						"y": 35,
						"w": 107,
						"h": 76
					},
					"frame": {
						"x": 513,
						"y": 243,
						"w": 107,
						"h": 76
					}
				},
				{
					"filename": "0069.png",
					"rotated": false,
					"trimmed": true,
					"sourceSize": {
						"w": 150,
						"h": 136
					},
					"spriteSourceSize": {
						"x": 1,
						"y": 71,
						"w": 107,
						"h": 65
					},
					"frame": {
						"x": 620,
						"y": 273,
						"w": 107,
						"h": 65
					}
				},
				{
					"filename": "0065.png",
					"rotated": false,
					"trimmed": true,
					"sourceSize": {
						"w": 150,
						"h": 136
					},
					"spriteSourceSize": {
						"x": 14,
						"y": 4,
						"w": 105,
						"h": 97
					},
					"frame": {
						"x": 245,
						"y": 228,
						"w": 105,
						"h": 97
					}
				},
				{
					"filename": "0001.png",
					"rotated": false,
					"trimmed": true,
					"sourceSize": {
						"w": 150,
						"h": 136
					},
					"spriteSourceSize": {
						"x": 28,
						"y": 49,
						"w": 104,
						"h": 74
					},
					"frame": {
						"x": 112,
						"y": 284,
						"w": 104,
						"h": 74
					}
				},
				{
					"filename": "0017.png",
					"rotated": false,
					"trimmed": true,
					"sourceSize": {
						"w": 150,
						"h": 136
					},
					"spriteSourceSize": {
						"x": 28,
						"y": 49,
						"w": 104,
						"h": 74
					},
					"frame": {
						"x": 112,
						"y": 284,
						"w": 104,
						"h": 74
					}
				},
				{
					"filename": "0047.png",
					"rotated": false,
					"trimmed": true,
					"sourceSize": {
						"w": 150,
						"h": 136
					},
					"spriteSourceSize": {
						"x": 28,
						"y": 49,
						"w": 104,
						"h": 74
					},
					"frame": {
						"x": 112,
						"y": 284,
						"w": 104,
						"h": 74
					}
				},
				{
					"filename": "0002.png",
					"rotated": false,
					"trimmed": true,
					"sourceSize": {
						"w": 150,
						"h": 136
					},
					"spriteSourceSize": {
						"x": 31,
						"y": 47,
						"w": 103,
						"h": 75
					},
					"frame": {
						"x": 0,
						"y": 336,
						"w": 103,
						"h": 75
					}
				},
				{
					"filename": "0016.png",
					"rotated": false,
					"trimmed": true,
					"sourceSize": {
						"w": 150,
						"h": 136
					},
					"spriteSourceSize": {
						"x": 31,
						"y": 47,
						"w": 103,
						"h": 75
					},
					"frame": {
						"x": 0,
						"y": 336,
						"w": 103,
						"h": 75
					}
				},
				{
					"filename": "0018.png",
					"rotated": false,
					"trimmed": true,
					"sourceSize": {
						"w": 150,
						"h": 136
					},
					"spriteSourceSize": {
						"x": 31,
						"y": 47,
						"w": 103,
						"h": 75
					},
					"frame": {
						"x": 0,
						"y": 336,
						"w": 103,
						"h": 75
					}
				},
				{
					"filename": "0032.png",
					"rotated": false,
					"trimmed": true,
					"sourceSize": {
						"w": 150,
						"h": 136
					},
					"spriteSourceSize": {
						"x": 31,
						"y": 47,
						"w": 103,
						"h": 75
					},
					"frame": {
						"x": 0,
						"y": 336,
						"w": 103,
						"h": 75
					}
				},
				{
					"filename": "0046.png",
					"rotated": false,
					"trimmed": true,
					"sourceSize": {
						"w": 150,
						"h": 136
					},
					"spriteSourceSize": {
						"x": 31,
						"y": 47,
						"w": 103,
						"h": 75
					},
					"frame": {
						"x": 0,
						"y": 336,
						"w": 103,
						"h": 75
					}
				},
				{
					"filename": "0048.png",
					"rotated": false,
					"trimmed": true,
					"sourceSize": {
						"w": 150,
						"h": 136
					},
					"spriteSourceSize": {
						"x": 31,
						"y": 47,
						"w": 103,
						"h": 75
					},
					"frame": {
						"x": 0,
						"y": 336,
						"w": 103,
						"h": 75
					}
				},
				{
					"filename": "0100.png",
					"rotated": false,
					"trimmed": true,
					"sourceSize": {
						"w": 150,
						"h": 136
					},
					"spriteSourceSize": {
						"x": 31,
						"y": 47,
						"w": 103,
						"h": 75
					},
					"frame": {
						"x": 0,
						"y": 336,
						"w": 103,
						"h": 75
					}
				},
				{
					"filename": "0003.png",
					"rotated": false,
					"trimmed": true,
					"sourceSize": {
						"w": 150,
						"h": 136
					},
					"spriteSourceSize": {
						"x": 32,
						"y": 41,
						"w": 99,
						"h": 80
					},
					"frame": {
						"x": 350,
						"y": 273,
						"w": 99,
						"h": 80
					}
				},
				{
					"filename": "0015.png",
					"rotated": false,
					"trimmed": true,
					"sourceSize": {
						"w": 150,
						"h": 136
					},
					"spriteSourceSize": {
						"x": 32,
						"y": 41,
						"w": 99,
						"h": 80
					},
					"frame": {
						"x": 350,
						"y": 273,
						"w": 99,
						"h": 80
					}
				},
				{
					"filename": "0019.png",
					"rotated": false,
					"trimmed": true,
					"sourceSize": {
						"w": 150,
						"h": 136
					},
					"spriteSourceSize": {
						"x": 32,
						"y": 41,
						"w": 99,
						"h": 80
					},
					"frame": {
						"x": 350,
						"y": 273,
						"w": 99,
						"h": 80
					}
				},
				{
					"filename": "0031.png",
					"rotated": false,
					"trimmed": true,
					"sourceSize": {
						"w": 150,
						"h": 136
					},
					"spriteSourceSize": {
						"x": 32,
						"y": 41,
						"w": 99,
						"h": 80
					},
					"frame": {
						"x": 350,
						"y": 273,
						"w": 99,
						"h": 80
					}
				},
				{
					"filename": "0033.png",
					"rotated": false,
					"trimmed": true,
					"sourceSize": {
						"w": 150,
						"h": 136
					},
					"spriteSourceSize": {
						"x": 32,
						"y": 41,
						"w": 99,
						"h": 80
					},
					"frame": {
						"x": 350,
						"y": 273,
						"w": 99,
						"h": 80
					}
				},
				{
					"filename": "0045.png",
					"rotated": false,
					"trimmed": true,
					"sourceSize": {
						"w": 150,
						"h": 136
					},
					"spriteSourceSize": {
						"x": 32,
						"y": 41,
						"w": 99,
						"h": 80
					},
					"frame": {
						"x": 350,
						"y": 273,
						"w": 99,
						"h": 80
					}
				},
				{
					"filename": "0094.png",
					"rotated": false,
					"trimmed": true,
					"sourceSize": {
						"w": 150,
						"h": 136
					},
					"spriteSourceSize": {
						"x": 41,
						"y": 8,
						"w": 62,
						"h": 113
					},
					"frame": {
						"x": 449,
						"y": 273,
						"w": 62,
						"h": 113
					}
				},
				{
					"filename": "0064.png",
					"rotated": false,
					"trimmed": true,
					"sourceSize": {
						"w": 150,
						"h": 136
					},
					"spriteSourceSize": {
						"x": 34,
						"y": 2,
						"w": 98,
						"h": 105
					},
					"frame": {
						"x": 511,
						"y": 319,
						"w": 98,
						"h": 105
					}
				},
				{
					"filename": "0004.png",
					"rotated": false,
					"trimmed": true,
					"sourceSize": {
						"w": 150,
						"h": 136
					},
					"spriteSourceSize": {
						"x": 34,
						"y": 38,
						"w": 96,
						"h": 83
					},
					"frame": {
						"x": 609,
						"y": 338,
						"w": 96,
						"h": 83
					}
				},
				{
					"filename": "0014.png",
					"rotated": false,
					"trimmed": true,
					"sourceSize": {
						"w": 150,
						"h": 136
					},
					"spriteSourceSize": {
						"x": 34,
						"y": 38,
						"w": 96,
						"h": 83
					},
					"frame": {
						"x": 609,
						"y": 421,
						"w": 96,
						"h": 83
					}
				},
				{
					"filename": "0020.png",
					"rotated": false,
					"trimmed": true,
					"sourceSize": {
						"w": 150,
						"h": 136
					},
					"spriteSourceSize": {
						"x": 34,
						"y": 38,
						"w": 96,
						"h": 83
					},
					"frame": {
						"x": 609,
						"y": 421,
						"w": 96,
						"h": 83
					}
				},
				{
					"filename": "0030.png",
					"rotated": false,
					"trimmed": true,
					"sourceSize": {
						"w": 150,
						"h": 136
					},
					"spriteSourceSize": {
						"x": 34,
						"y": 38,
						"w": 96,
						"h": 83
					},
					"frame": {
						"x": 609,
						"y": 421,
						"w": 96,
						"h": 83
					}
				},
				{
					"filename": "0034.png",
					"rotated": false,
					"trimmed": true,
					"sourceSize": {
						"w": 150,
						"h": 136
					},
					"spriteSourceSize": {
						"x": 34,
						"y": 38,
						"w": 96,
						"h": 83
					},
					"frame": {
						"x": 609,
						"y": 421,
						"w": 96,
						"h": 83
					}
				},
				{
					"filename": "0044.png",
					"rotated": false,
					"trimmed": true,
					"sourceSize": {
						"w": 150,
						"h": 136
					},
					"spriteSourceSize": {
						"x": 34,
						"y": 38,
						"w": 96,
						"h": 83
					},
					"frame": {
						"x": 609,
						"y": 421,
						"w": 96,
						"h": 83
					}
				},
				{
					"filename": "0049.png",
					"rotated": false,
					"trimmed": true,
					"sourceSize": {
						"w": 150,
						"h": 136
					},
					"spriteSourceSize": {
						"x": 34,
						"y": 38,
						"w": 96,
						"h": 83
					},
					"frame": {
						"x": 216,
						"y": 325,
						"w": 96,
						"h": 83
					}
				},
				{
					"filename": "0099.png",
					"rotated": false,
					"trimmed": true,
					"sourceSize": {
						"w": 150,
						"h": 136
					},
					"spriteSourceSize": {
						"x": 34,
						"y": 38,
						"w": 96,
						"h": 83
					},
					"frame": {
						"x": 216,
						"y": 325,
						"w": 96,
						"h": 83
					}
				},
				{
					"filename": "0059.png",
					"rotated": false,
					"trimmed": true,
					"sourceSize": {
						"w": 150,
						"h": 136
					},
					"spriteSourceSize": {
						"x": 8,
						"y": 26,
						"w": 94,
						"h": 95
					},
					"frame": {
						"x": 103,
						"y": 358,
						"w": 94,
						"h": 95
					}
				},
				{
					"filename": "0092.png",
					"rotated": false,
					"trimmed": true,
					"sourceSize": {
						"w": 150,
						"h": 136
					},
					"spriteSourceSize": {
						"x": 8,
						"y": 26,
						"w": 94,
						"h": 95
					},
					"frame": {
						"x": 0,
						"y": 411,
						"w": 94,
						"h": 95
					}
				},
				{
					"filename": "0063.png",
					"rotated": false,
					"trimmed": true,
					"sourceSize": {
						"w": 150,
						"h": 136
					},
					"spriteSourceSize": {
						"x": 56,
						"y": 17,
						"w": 94,
						"h": 87
					},
					"frame": {
						"x": 312,
						"y": 353,
						"w": 94,
						"h": 87
					}
				},
				{
					"filename": "0005.png",
					"rotated": false,
					"trimmed": true,
					"sourceSize": {
						"w": 150,
						"h": 136
					},
					"spriteSourceSize": {
						"x": 34,
						"y": 35,
						"w": 94,
						"h": 86
					},
					"frame": {
						"x": 406,
						"y": 386,
						"w": 94,
						"h": 86
					}
				},
				{
					"filename": "0013.png",
					"rotated": false,
					"trimmed": true,
					"sourceSize": {
						"w": 150,
						"h": 136
					},
					"spriteSourceSize": {
						"x": 34,
						"y": 35,
						"w": 94,
						"h": 86
					},
					"frame": {
						"x": 406,
						"y": 386,
						"w": 94,
						"h": 86
					}
				},
				{
					"filename": "0021.png",
					"rotated": false,
					"trimmed": true,
					"sourceSize": {
						"w": 150,
						"h": 136
					},
					"spriteSourceSize": {
						"x": 34,
						"y": 35,
						"w": 94,
						"h": 86
					},
					"frame": {
						"x": 406,
						"y": 386,
						"w": 94,
						"h": 86
					}
				},
				{
					"filename": "0029.png",
					"rotated": false,
					"trimmed": true,
					"sourceSize": {
						"w": 150,
						"h": 136
					},
					"spriteSourceSize": {
						"x": 34,
						"y": 35,
						"w": 94,
						"h": 86
					},
					"frame": {
						"x": 406,
						"y": 386,
						"w": 94,
						"h": 86
					}
				},
				{
					"filename": "0035.png",
					"rotated": false,
					"trimmed": true,
					"sourceSize": {
						"w": 150,
						"h": 136
					},
					"spriteSourceSize": {
						"x": 34,
						"y": 35,
						"w": 94,
						"h": 86
					},
					"frame": {
						"x": 406,
						"y": 386,
						"w": 94,
						"h": 86
					}
				},
				{
					"filename": "0043.png",
					"rotated": false,
					"trimmed": true,
					"sourceSize": {
						"w": 150,
						"h": 136
					},
					"spriteSourceSize": {
						"x": 34,
						"y": 35,
						"w": 94,
						"h": 86
					},
					"frame": {
						"x": 406,
						"y": 386,
						"w": 94,
						"h": 86
					}
				},
				{
					"filename": "0050.png",
					"rotated": false,
					"trimmed": true,
					"sourceSize": {
						"w": 150,
						"h": 136
					},
					"spriteSourceSize": {
						"x": 34,
						"y": 35,
						"w": 94,
						"h": 86
					},
					"frame": {
						"x": 500,
						"y": 424,
						"w": 94,
						"h": 86
					}
				},
				{
					"filename": "0098.png",
					"rotated": false,
					"trimmed": true,
					"sourceSize": {
						"w": 150,
						"h": 136
					},
					"spriteSourceSize": {
						"x": 34,
						"y": 35,
						"w": 94,
						"h": 86
					},
					"frame": {
						"x": 500,
						"y": 424,
						"w": 94,
						"h": 86
					}
				},
				{
					"filename": "0058.png",
					"rotated": false,
					"trimmed": true,
					"sourceSize": {
						"w": 150,
						"h": 136
					},
					"spriteSourceSize": {
						"x": 9,
						"y": 28,
						"w": 93,
						"h": 93
					},
					"frame": {
						"x": 197,
						"y": 408,
						"w": 93,
						"h": 93
					}
				},
				{
					"filename": "0006.png",
					"rotated": false,
					"trimmed": true,
					"sourceSize": {
						"w": 150,
						"h": 136
					},
					"spriteSourceSize": {
						"x": 36,
						"y": 33,
						"w": 92,
						"h": 88
					},
					"frame": {
						"x": 94,
						"y": 453,
						"w": 92,
						"h": 88
					}
				},
				{
					"filename": "0012.png",
					"rotated": false,
					"trimmed": true,
					"sourceSize": {
						"w": 150,
						"h": 136
					},
					"spriteSourceSize": {
						"x": 36,
						"y": 33,
						"w": 92,
						"h": 88
					},
					"frame": {
						"x": 94,
						"y": 453,
						"w": 92,
						"h": 88
					}
				},
				{
					"filename": "0022.png",
					"rotated": false,
					"trimmed": true,
					"sourceSize": {
						"w": 150,
						"h": 136
					},
					"spriteSourceSize": {
						"x": 36,
						"y": 33,
						"w": 92,
						"h": 88
					},
					"frame": {
						"x": 94,
						"y": 453,
						"w": 92,
						"h": 88
					}
				},
				{
					"filename": "0028.png",
					"rotated": false,
					"trimmed": true,
					"sourceSize": {
						"w": 150,
						"h": 136
					},
					"spriteSourceSize": {
						"x": 36,
						"y": 33,
						"w": 92,
						"h": 88
					},
					"frame": {
						"x": 94,
						"y": 453,
						"w": 92,
						"h": 88
					}
				},
				{
					"filename": "0036.png",
					"rotated": false,
					"trimmed": true,
					"sourceSize": {
						"w": 150,
						"h": 136
					},
					"spriteSourceSize": {
						"x": 36,
						"y": 33,
						"w": 92,
						"h": 88
					},
					"frame": {
						"x": 94,
						"y": 453,
						"w": 92,
						"h": 88
					}
				},
				{
					"filename": "0042.png",
					"rotated": false,
					"trimmed": true,
					"sourceSize": {
						"w": 150,
						"h": 136
					},
					"spriteSourceSize": {
						"x": 36,
						"y": 33,
						"w": 92,
						"h": 88
					},
					"frame": {
						"x": 0,
						"y": 506,
						"w": 92,
						"h": 88
					}
				},
				{
					"filename": "0056.png",
					"rotated": false,
					"trimmed": true,
					"sourceSize": {
						"w": 150,
						"h": 136
					},
					"spriteSourceSize": {
						"x": 43,
						"y": 8,
						"w": 60,
						"h": 113
					},
					"frame": {
						"x": 0,
						"y": 594,
						"w": 60,
						"h": 113
					}
				},
				{
					"filename": "0051.png",
					"rotated": false,
					"trimmed": true,
					"sourceSize": {
						"w": 150,
						"h": 136
					},
					"spriteSourceSize": {
						"x": 37,
						"y": 33,
						"w": 91,
						"h": 88
					},
					"frame": {
						"x": 290,
						"y": 440,
						"w": 91,
						"h": 88
					}
				},
				{
					"filename": "0097.png",
					"rotated": false,
					"trimmed": true,
					"sourceSize": {
						"w": 150,
						"h": 136
					},
					"spriteSourceSize": {
						"x": 37,
						"y": 33,
						"w": 91,
						"h": 88
					},
					"frame": {
						"x": 290,
						"y": 440,
						"w": 91,
						"h": 88
					}
				},
				{
					"filename": "0096.png",
					"rotated": false,
					"trimmed": true,
					"sourceSize": {
						"w": 150,
						"h": 136
					},
					"spriteSourceSize": {
						"x": 39,
						"y": 21,
						"w": 89,
						"h": 100
					},
					"frame": {
						"x": 186,
						"y": 501,
						"w": 89,
						"h": 100
					}
				},
				{
					"filename": "0007.png",
					"rotated": false,
					"trimmed": true,
					"sourceSize": {
						"w": 150,
						"h": 136
					},
					"spriteSourceSize": {
						"x": 38,
						"y": 32,
						"w": 89,
						"h": 89
					},
					"frame": {
						"x": 92,
						"y": 541,
						"w": 89,
						"h": 89
					}
				},
				{
					"filename": "0011.png",
					"rotated": false,
					"trimmed": true,
					"sourceSize": {
						"w": 150,
						"h": 136
					},
					"spriteSourceSize": {
						"x": 38,
						"y": 32,
						"w": 89,
						"h": 89
					},
					"frame": {
						"x": 92,
						"y": 541,
						"w": 89,
						"h": 89
					}
				},
				{
					"filename": "0023.png",
					"rotated": false,
					"trimmed": true,
					"sourceSize": {
						"w": 150,
						"h": 136
					},
					"spriteSourceSize": {
						"x": 38,
						"y": 32,
						"w": 89,
						"h": 89
					},
					"frame": {
						"x": 92,
						"y": 541,
						"w": 89,
						"h": 89
					}
				},
				{
					"filename": "0027.png",
					"rotated": false,
					"trimmed": true,
					"sourceSize": {
						"w": 150,
						"h": 136
					},
					"spriteSourceSize": {
						"x": 38,
						"y": 32,
						"w": 89,
						"h": 89
					},
					"frame": {
						"x": 92,
						"y": 541,
						"w": 89,
						"h": 89
					}
				},
				{
					"filename": "0037.png",
					"rotated": false,
					"trimmed": true,
					"sourceSize": {
						"w": 150,
						"h": 136
					},
					"spriteSourceSize": {
						"x": 38,
						"y": 32,
						"w": 89,
						"h": 89
					},
					"frame": {
						"x": 92,
						"y": 541,
						"w": 89,
						"h": 89
					}
				},
				{
					"filename": "0041.png",
					"rotated": false,
					"trimmed": true,
					"sourceSize": {
						"w": 150,
						"h": 136
					},
					"spriteSourceSize": {
						"x": 38,
						"y": 32,
						"w": 89,
						"h": 89
					},
					"frame": {
						"x": 92,
						"y": 541,
						"w": 89,
						"h": 89
					}
				},
				{
					"filename": "0009.png",
					"rotated": false,
					"trimmed": true,
					"sourceSize": {
						"w": 150,
						"h": 136
					},
					"spriteSourceSize": {
						"x": 42,
						"y": 29,
						"w": 83,
						"h": 94
					},
					"frame": {
						"x": 60,
						"y": 630,
						"w": 83,
						"h": 94
					}
				},
				{
					"filename": "0025.png",
					"rotated": false,
					"trimmed": true,
					"sourceSize": {
						"w": 150,
						"h": 136
					},
					"spriteSourceSize": {
						"x": 42,
						"y": 29,
						"w": 83,
						"h": 94
					},
					"frame": {
						"x": 60,
						"y": 630,
						"w": 83,
						"h": 94
					}
				},
				{
					"filename": "0039.png",
					"rotated": false,
					"trimmed": true,
					"sourceSize": {
						"w": 150,
						"h": 136
					},
					"spriteSourceSize": {
						"x": 42,
						"y": 29,
						"w": 83,
						"h": 94
					},
					"frame": {
						"x": 60,
						"y": 630,
						"w": 83,
						"h": 94
					}
				},
				{
					"filename": "0008.png",
					"rotated": false,
					"trimmed": true,
					"sourceSize": {
						"w": 150,
						"h": 136
					},
					"spriteSourceSize": {
						"x": 40,
						"y": 30,
						"w": 84,
						"h": 92
					},
					"frame": {
						"x": 143,
						"y": 630,
						"w": 84,
						"h": 92
					}
				},
				{
					"filename": "0024.png",
					"rotated": false,
					"trimmed": true,
					"sourceSize": {
						"w": 150,
						"h": 136
					},
					"spriteSourceSize": {
						"x": 40,
						"y": 30,
						"w": 84,
						"h": 92
					},
					"frame": {
						"x": 143,
						"y": 630,
						"w": 84,
						"h": 92
					}
				},
				{
					"filename": "0038.png",
					"rotated": false,
					"trimmed": true,
					"sourceSize": {
						"w": 150,
						"h": 136
					},
					"spriteSourceSize": {
						"x": 40,
						"y": 30,
						"w": 84,
						"h": 92
					},
					"frame": {
						"x": 143,
						"y": 630,
						"w": 84,
						"h": 92
					}
				},
				{
					"filename": "0055.png",
					"rotated": false,
					"trimmed": true,
					"sourceSize": {
						"w": 150,
						"h": 136
					},
					"spriteSourceSize": {
						"x": 41,
						"y": 13,
						"w": 74,
						"h": 108
					},
					"frame": {
						"x": 227,
						"y": 601,
						"w": 74,
						"h": 108
					}
				},
				{
					"filename": "0052.png",
					"rotated": false,
					"trimmed": true,
					"sourceSize": {
						"w": 150,
						"h": 136
					},
					"spriteSourceSize": {
						"x": 40,
						"y": 21,
						"w": 88,
						"h": 100
					},
					"frame": {
						"x": 381,
						"y": 472,
						"w": 88,
						"h": 100
					}
				},
				{
					"filename": "0061.png",
					"rotated": false,
					"trimmed": true,
					"sourceSize": {
						"w": 150,
						"h": 136
					},
					"spriteSourceSize": {
						"x": 40,
						"y": 0,
						"w": 78,
						"h": 106
					},
					"frame": {
						"x": 301,
						"y": 528,
						"w": 78,
						"h": 106
					}
				},
				{
					"filename": "0010.png",
					"rotated": false,
					"trimmed": true,
					"sourceSize": {
						"w": 150,
						"h": 136
					},
					"spriteSourceSize": {
						"x": 40,
						"y": 30,
						"w": 84,
						"h": 92
					},
					"frame": {
						"x": 301,
						"y": 634,
						"w": 84,
						"h": 92
					}
				},
				{
					"filename": "0026.png",
					"rotated": false,
					"trimmed": true,
					"sourceSize": {
						"w": 150,
						"h": 136
					},
					"spriteSourceSize": {
						"x": 40,
						"y": 30,
						"w": 84,
						"h": 92
					},
					"frame": {
						"x": 301,
						"y": 634,
						"w": 84,
						"h": 92
					}
				},
				{
					"filename": "0040.png",
					"rotated": false,
					"trimmed": true,
					"sourceSize": {
						"w": 150,
						"h": 136
					},
					"spriteSourceSize": {
						"x": 40,
						"y": 30,
						"w": 84,
						"h": 92
					},
					"frame": {
						"x": 301,
						"y": 634,
						"w": 84,
						"h": 92
					}
				},
				{
					"filename": "0057.png",
					"rotated": false,
					"trimmed": true,
					"sourceSize": {
						"w": 150,
						"h": 136
					},
					"spriteSourceSize": {
						"x": 14,
						"y": 16,
						"w": 86,
						"h": 106
					},
					"frame": {
						"x": 594,
						"y": 504,
						"w": 86,
						"h": 106
					}
				},
				{
					"filename": "0062.png",
					"rotated": false,
					"trimmed": true,
					"sourceSize": {
						"w": 150,
						"h": 136
					},
					"spriteSourceSize": {
						"x": 54,
						"y": 5,
						"w": 77,
						"h": 106
					},
					"frame": {
						"x": 385,
						"y": 610,
						"w": 77,
						"h": 106
					}
				},
				{
					"filename": "0054.png",
					"rotated": false,
					"trimmed": true,
					"sourceSize": {
						"w": 150,
						"h": 136
					},
					"spriteSourceSize": {
						"x": 40,
						"y": 22,
						"w": 83,
						"h": 105
					},
					"frame": {
						"x": 462,
						"y": 610,
						"w": 83,
						"h": 105
					}
				},
				{
					"filename": "0053.png",
					"rotated": false,
					"trimmed": true,
					"sourceSize": {
						"w": 150,
						"h": 136
					},
					"spriteSourceSize": {
						"x": 39,
						"y": 21,
						"w": 82,
						"h": 100
					},
					"frame": {
						"x": 469,
						"y": 510,
						"w": 82,
						"h": 100
					}
				},
				{
					"filename": "0093.png",
					"rotated": false,
					"trimmed": true,
					"sourceSize": {
						"w": 150,
						"h": 136
					},
					"spriteSourceSize": {
						"x": 14,
						"y": 16,
						"w": 83,
						"h": 105
					},
					"frame": {
						"x": 545,
						"y": 610,
						"w": 83,
						"h": 105
					}
				},
				{
					"filename": "0095.png",
					"rotated": false,
					"trimmed": true,
					"sourceSize": {
						"w": 150,
						"h": 136
					},
					"spriteSourceSize": {
						"x": 41,
						"y": 22,
						"w": 82,
						"h": 105
					},
					"frame": {
						"x": 628,
						"y": 610,
						"w": 82,
						"h": 105
					}
				}
			]
		}
	],
	"meta": {
		"app": "https://www.codeandweb.com/texturepacker",
		"version": "3.0",
		"smartupdate": "$TexturePacker:SmartUpdate:ac0927e15ec153fa05d2b021dfbdda36:ee9ef84723c6fb748a7baf2516bac648:9ff7dd32388d8cb312918685a62668ec$"
	}
}