{
	"0": {
		"44393e": "3e1d26",
		"997d85": "924f57",
		"efe3e3": "f6cbc4",
		"b6a2a7": "dd9f9d",
		"65545b": "60354a",
		"723139": "1f3078",
		"ffffff": "fceff1",
		"d65263": "4592c0",
		"a03e4b": "2e6fa8",
		"bcb1b9": "998482",
		"8c7987": "60354a"
	},
	"1": {
		"44393e": "1e382a",
		"997d85": "404b22",
		"efe3e3": "e8e8c0",
		"b6a2a7": "c6ca8e",
		"65545b": "395740",
		"723139": "3e1e1d",
		"ffffff": "edf8e6",
		"d65263": "b37e6f",
		"a03e4b": "79433f",
		"bcb1b9": "6a856a",
		"8c7987": "26452d"
	},
	"2": {
		"44393e": "754156",
		"997d85": "211f45",
		"efe3e3": "67548a",
		"b6a2a7": "453863",
		"65545b": "a5777f",
		"723139": "545151",
		"ffffff": "f7e5d0",
		"d65263": "aba7a8",
		"a03e4b": "888685",
		"bcb1b9": "a96c4b"
	}
}