{
	"0": {
		"3c3946": "404355",
		"c4c1dc": "978f97",
		"ff79b1": "cfbbbc",
		"811f47": "7c6364",
		"ffe393": "e7a11f",
		"ffd55f": "d28011",
		"760c38": "540b1d",
		"c92f6e": "a7323f",
		"d43e7c": "988282",
		"9c174e": "7d172b"
	},
	"1": {
		"ff79b1": "cb36b9",
		"811f47": "430855",
		"ffe393": "5fdd5b",
		"ffd55f": "289c43",
		"760c38": "660f71",
		"c92f6e": "b11468",
		"d43e7c": "911b92",
		"9c174e": "700f49"
	},
	"2": {
		"ffffff": "fbf2f4",
		"c4c1dc": "978f97",
		"ff79b1": "f29f5b",
		"811f47": "943615",
		"ffe393": "3175cb",
		"ffd55f": "2c3ca6",
		"760c38": "17167d",
		"c92f6e": "3175cb",
		"d43e7c": "d77433",
		"9c174e": "2c3ca6"
	}
}