{
	"1": {
		"6bbdce": "748da4",
		"318ca5": "4a6165",
		"735a42": "53575a",
		"debd3a": "aeaeae",
		"bd8c21": "757575",
		"f7e67b": "ececec",
		"d6e6f7": "c1d7e2",
		"5a6373": "5d6970",
		"fff7c5": "fdfdfd",
		"f7ffff": "f6ffff",
		"216b84": "2a413f"
	},
	"2": {
		"6bbdce": "b5f2ec",
		"318ca5": "38a8a6",
		"735a42": "692342",
		"debd3a": "db4069",
		"bd8c21": "a12e55",
		"f7e67b": "db4069",
		"d6e6f7": "ffd4ac",
		"5a6373": "5c4a4d",
		"fff7c5": "e97798",
		"f7ffff": "fdffdc",
		"bdcee6": "f4ce91",
		"216b84": "1d737a"
	}
}