{
	"0": {
		"917228": "a33612",
		"ffdba6": "ffb667",
		"ffd52d": "ee883f",
		"f7a62d": "a64700",
		"d9880f": "9b3e00",
		"484415": "6d1906",
		"d5a431": "d05c31",
		"323437": "531f03",
		"836c54": "a60d4a",
		"b9285b": "cd6229",
		"bfa33e": "d22643",
		"545b6b": "8f4a14",
		"8a8f9f": "34497e",
		"b9becd": "5e86c2"
	},
	"1": {
		"917228": "622f43",
		"ffdba6": "f3e3e4",
		"ffd52d": "e1ced1",
		"f7a62d": "96747e",
		"d9880f": "7a4e5d",
		"484415": "4b1a32",
		"d5a431": "b09098",
		"323437": "1d2c54",
		"836c54": "32455a",
		"b9285b": "7f6086",
		"bfa33e": "557fa3",
		"545b6b": "415073",
		"8a8f9f": "2d6b61",
		"b9becd": "5eb5a1"
	},
	"2": {
		"917228": "3d717b",
		"ffdba6": "ffffff",
		"ffd52d": "e5fffc",
		"f7a62d": "89d1d6",
		"d9880f": "5a9aa3",
		"484415": "214048",
		"d5a431": "aae8e4",
		"323437": "212857",
		"836c54": "526481",
		"b9285b": "204e8b",
		"bfa33e": "7e93b0",
		"545b6b": "495890",
		"8a8f9f": "a5ace8",
		"b9becd": "dae0f3"
	}
}