{
	"1": {
		"a23724": "b06f00",
		"f4342f": "f2b200",
		"f35e38": "ffc81b",
		"f9824f": "ffe13a",
		"b15236": "dca300",
		"f0a755": "ffe86b",
		"fcf59b": "ffffce",
		"487447": "394d9a",
		"c1c4bd": "a2badc",
		"1c4021": "3e3e84",
		"5b985a": "5c71c1",
		"83b884": "7a9ae0",
		"3c3f3a": "27276a"
	},
	"2": {
		"a23724": "76074d",
		"f4342f": "a525d3",
		"f35e38": "3449f6",
		"f9824f": "49c9f6",
		"b15236": "6233a3",
		"f0a755": "79f6a1",
		"fcf59b": "efffd2",
		"487447": "84736f",
		"c1c4bd": "f2ede5",
		"1c4021": "655a59",
		"5b985a": "b09f97",
		"83b884": "d7cbb5",
		"3c3f3a": "4b4444"
	}
}