{
	"1": {
		"382929": "5e1111",
		"604640": "9c120b",
		"7a5a4b": "ce2e25",
		"adadad": "9a9696",
		"cfcfcf": "c1baba",
		"b87b21": "0a8d7f",
		"8a8e8a": "817c7c",
		"dfa939": "22c7b6",
		"5a5a56": "56534c",
		"bfb8a2": "a19b8f",
		"fb8028": "66a7b2",
		"ba5a14": "3b6c74"
	},
	"2": {
		"382929": "744c08",
		"604640": "bba010",
		"7a5a4b": "e3d520",
		"adadad": "a1a19b",
		"cfcfcf": "cacac6",
		"b87b21": "9131a3",
		"8a8e8a": "74746b",
		"dfa939": "e565fd",
		"5a5a56": "54544c",
		"bfb8a2": "aeaa9f",
		"fb8028": "b250ec",
		"ba5a14": "72269f"
	}
}