{
	"0": {
		"8c7b84": "966f58",
		"f7f7ff": "fff7ee",
		"dedee6": "e7d7c9",
		"5a5a63": "734733",
		"52525a": "522b23",
		"cec5c5": "e1caba",
		"943119": "8c5003",
		"e67342": "f5c767",
		"f79463": "ffe499",
		"c54229": "d6952e",
		"ffdebd": "e4d3c5",
		"f77b5a": "de8248",
		"ffc5ce": "f7ae6f",
		"a53a42": "aa4318"
	},
	"1": {
		"8c7b84": "947c9c",
		"f7f7ff": "e7d1ea",
		"dedee6": "b9a0bf",
		"5a5a63": "6c5277",
		"52525a": "39195d",
		"cec5c5": "ac90b2",
		"943119": "582488",
		"e67342": "9e5fcb",
		"f79463": "ba82d9",
		"c54229": "7e3eb1",
		"ffdebd": "bd9fc6",
		"f77b5a": "7c50c4",
		"ffc5ce": "9c7be5",
		"a53a42": "3a1a4e"
	},
	"2": {
		"8c7b84": "84a0a1",
		"f7f7ff": "d5e6e4",
		"dedee6": "aecac8",
		"5a5a63": "526d71",
		"52525a": "2b4a54",
		"cec5c5": "9ab8b8",
		"943119": "0e3c1e",
		"e67342": "5fad67",
		"f79463": "92c494",
		"c54229": "32723f",
		"ffdebd": "b8cecd",
		"f77b5a": "295774",
		"ffc5ce": "528b9d",
		"a53a42": "0b2e52"
	}
}