{
	"1": {
		"633131": "07293b",
		"9c6b3a": "1b7272",
		"deb563": "4bd09b",
		"7b523a": "0f4c58",
		"d69c52": "2d9683",
		"846b42": "8c383d",
		"efde31": "ee9494",
		"fff7a5": "ffc5b4",
		"ce9429": "de6262",
		"5a4231": "631c26",
		"ad2110": "1c1918",
		"f7c5bd": "ad9b88",
		"ffffff": "fff2e5",
		"f74242": "4c4640"
	},
	"2": {
		"633131": "1d5198",
		"9c6b3a": "3eb7e5",
		"deb563": "9cffff",
		"7b523a": "2c81bc",
		"d69c52": "74e7f7",
		"846b42": "8291cb",
		"efde31": "d6e8ff",
		"fff7a5": "ffffff",
		"ce9429": "acc2e8",
		"5a4231": "4e5293",
		"ad2110": "3d2f7a",
		"f7c5bd": "74a7f7",
		"ffffff": "c1ffff",
		"f74242": "5b67d3"
	}
}