{
	"1": {
		"41a4e6": "85cfef",
		"184152": "133363",
		"73c5f6": "ffc0e7",
		"397ba4": "3595c4",
		"51fffb": "ff8de5",
		"8ba494": "a7b2ab",
		"dec583": "dac99e",
		"52526a": "3c1838",
		"a49494": "844a73",
		"fefefe": "ffebe9",
		"d5cdc5": "cb88b0",
		"807573": "6b3768",
		"f6deac": "f1e9d9"
	},
	"2": {
		"41a4e6": "49b18c",
		"73c5f6": "8bd3b6",
		"397ba4": "3a8770",
		"51fffb": "0085b2",
		"8ba494": "8ca594",
		"dec583": "baafaa",
		"52526a": "282548",
		"a49494": "666b8b",
		"d5cdc5": "969dbc",
		"807573": "454565",
		"f6deac": "e8e3e0"
	}
}