{
	"1": {
		"104a63": "411d87",
		"107394": "7054e7",
		"bdad5a": "a26b30",
		"6b6321": "663a18",
		"8c8c8c": "754949",
		"ffffff": "ffe6db",
		"ffe6a5": "f4cb60",
		"cecece": "d6978c",
		"84deff": "c497e5",
		"5ac5e6": "a271e1",
		"429cbd": "764abf",
		"521073": "18359b"
	},
	"2": {
		"104a63": "5e1120",
		"107394": "b75846",
		"bdad5a": "7d2f67",
		"6b6321": "4a1642",
		"8c8c8c": "655081",
		"ffffff": "fee1fa",
		"ffe6a5": "a65687",
		"cecece": "a990b9",
		"84deff": "e1c66e",
		"5ac5e6": "d29d48",
		"429cbd": "a66829",
		"521073": "13517b"
	}
}