{
	"1": {
		"634a00": "519aa7",
		"f7a59c": "739ed4",
		"e6ad00": "7bcfc6",
		"ff3a5a": "3542a7",
		"ffde21": "b1f2dc",
		"ce213a": "27217d",
		"63bd42": "9d86d9",
		"bdff7b": "dadffe",
		"7b103a": "23124e",
		"107b31": "8057b2",
		"fefefe": "9cfeff",
		"9ce652": "b7afee"
	},
	"2": {
		"634a00": "488939",
		"f7a59c": "fff6a9",
		"e6ad00": "6bac4b",
		"ff3a5a": "f9db74",
		"ffde21": "92c462",
		"ce213a": "e5b650",
		"63bd42": "a31f60",
		"bdff7b": "f57382",
		"7b103a": "b7873b",
		"107b31": "761858",
		"fefefe": "ffffee",
		"9ce652": "cd3b6b"
	}
}