{
	"1": {
		"424242": "462f68",
		"734a19": "4d438b",
		"523100": "25245c",
		"9c6b31": "7763af",
		"cea57b": "d0bde7",
		"bd8c42": "a68dd1",
		"f76331": "9ee0ff",
		"6b3119": "2e1f39",
		"bd5a29": "663e5f",
		"efad94": "87627e",
		"ffe6c5": "cdd9ee",
		"debd9c": "a3b0d2"
	},
	"2": {
		"424242": "232d44",
		"734a19": "435170",
		"523100": "1f2a4e",
		"9c6b31": "6f8192",
		"cea57b": "c5d9e0",
		"bd8c42": "a5b4be",
		"f76331": "efd977",
		"6b3119": "291920",
		"bd5a29": "36282b",
		"efad94": "4f4143",
		"ffe6c5": "e3e9eb",
		"debd9c": "ccd4d9"
	}
}