{
	"0": {
		"94735a": "844466",
		"f7efc5": "f7c9c5",
		"ce9c73": "a7738f",
		"734a4a": "5b2847",
		"f7d6a5": "e4b2bb",
		"b5b5c5": "c5b5b5",
		"ad2121": "811a5f",
		"d6dede": "ded6d6",
		"c54242": "409e80",
		"4a84c5": "d05887",
		"7b8c94": "9c8c84",
		"3163ad": "9e4065",
		"de736b": "8ee4be"
	},
	"1": {
		"94735a": "734350",
		"f7efc5": "f7c5ce",
		"ce9c73": "a26867",
		"734a4a": "452030",
		"f7d6a5": "be868a",
		"b5b5c5": "a68a8c",
		"ffffff": "ead3cb",
		"ad2121": "941430",
		"d6dede": "c8afaf",
		"c54242": "d08d39",
		"4a84c5": "f19a4e",
		"7b8c94": "9c8c84",
		"3163ad": "d26425",
		"de736b": "f5b55e"
	},
	"2": {
		"94735a": "404d5b",
		"f7efc5": "ddeaef",
		"ce9c73": "8093a5",
		"734a4a": "1f293b",
		"f7d6a5": "afc2d1",
		"b5b5c5": "c3a5a1",
		"ffffff": "ffeae3",
		"ad2121": "711a7f",
		"d6dede": "e7c5bb",
		"c54242": "d97741",
		"4a84c5": "e89fe5",
		"7b8c94": "9c8c84",
		"3163ad": "db79db",
		"de736b": "f39a4c"
	}
}