{
	"1": {
		"847352": "8f6c51",
		"ceb58c": "b69977",
		"ffe6bd": "f2ebdb",
		"e6cea5": "deccb2",
		"e6ad00": "eaa60f",
		"ffde00": "ffe85a",
		"525252": "392229",
		"a5a5a5": "4f3a3d",
		"004a94": "461e1b",
		"2194bd": "5d3228",
		"b57b00": "c06400",
		"42ade6": "71432f",
		"73c5f7": "84593e"
	},
	"2": {
		"847352": "131026",
		"ceb58c": "2b2447",
		"ffe6bd": "4b3c68",
		"e6cea5": "352b53",
		"e6ad00": "c33486",
		"ffde00": "ee74c1",
		"525252": "221b1f",
		"a5a5a5": "2d282a",
		"004a94": "42579d",
		"2194bd": "6c8bd3",
		"b57b00": "88205b",
		"42ade6": "8cade4",
		"73c5f7": "bad3f8"
	}
}