{
	"textures": [
		{
			"image": "181-mega_3.png",
			"format": "RGBA8888",
			"size": {
				"w": 74,
				"h": 74
			},
			"scale": 1,
			"frames": [
				{
					"filename": "0001.png",
					"rotated": false,
					"trimmed": false,
					"sourceSize": {
						"w": 61,
						"h": 74
					},
					"spriteSourceSize": {
						"x": 0,
						"y": 0,
						"w": 61,
						"h": 74
					},
					"frame": {
						"x": 0,
						"y": 0,
						"w": 61,
						"h": 74
					}
				}
			]
		}
	],
	"meta": {
		"app": "https://www.codeandweb.com/texturepacker",
		"version": "3.0",
		"smartupdate": "$TexturePacker:SmartUpdate:3e0363a37815fe2dc8fc9611f0722dcf:c54dc0c8add90bdd3badd2fe33aaf836:85a4b3b6cbab1907aeaa78eda54d7cd7$"
	}
}