{
	"1": {
		"b573bd": "5f778e",
		"8c4a8c": "4e5e7e",
		"d69cd6": "88a0b1",
		"4a2942": "262f4f",
		"a57308": "a17c7d",
		"e6ce73": "b79897",
		"634a08": "765358",
		"efdeb5": "e8cec9",
		"a5193a": "2d945e",
		"e65a73": "61d8c1",
		"cead63": "c4a3a1"
	},
	"2": {
		"b573bd": "efdcd1",
		"8c4a8c": "d6b2a6",
		"d69cd6": "fff5eb",
		"4a2942": "865c54",
		"a57308": "ba476f",
		"e6ce73": "c6667d",
		"634a08": "7e3754",
		"efdeb5": "efb5c0",
		"a5193a": "a91507",
		"e65a73": "d85926",
		"cead63": "d98a9f"
	}
}