{
	"1": {
		"84738c": "5a1f30",
		"ffffff": "ffcf9a",
		"ced6d6": "dc7e67",
		"a59cad": "a84244",
		"192129": "431129",
		"4a4a52": "85324a",
		"a55a4a": "ceb0a5",
		"f79c84": "f8f1e7",
		"841021": "41578c",
		"31313a": "631e3f",
		"632910": "8c6362"
	},
	"2": {
		"84738c": "111a33",
		"ffffff": "5c8d95",
		"ced6d6": "38576c",
		"a59cad": "223657",
		"192129": "616f8c",
		"4a4a52": "e8f8ff",
		"a55a4a": "4a3a5e",
		"f79c84": "665a83",
		"841021": "f37755",
		"31313a": "a9bfd1",
		"ada5b3": "111a33",
		"632910": "2d203c",
		"f8f9ff": "223657",
		"9c293a": "9e6b77"
	}
}