{
	"1": {
		"b57b31": "96775e",
		"ce63b5": "34a78a",
		"a54a8c": "1f8179",
		"ffe69c": "fffeee",
		"efa5d6": "77d3a7",
		"5a104a": "093640",
		"845210": "6f483e",
		"ffd66b": "f3f1d4",
		"e6ad5a": "d6c7a2",
		"9c1000": "9e352b",
		"c54219": "c76740",
		"f7734a": "e59d59",
		"7b316b": "146569"
	},
	"2": {
		"b57b31": "293e6f",
		"ce63b5": "cdb4aa",
		"a54a8c": "b3857d",
		"ffe69c": "82afcd",
		"efa5d6": "ebe1d7",
		"5a104a": "522a37",
		"845210": "1d265b",
		"ffd66b": "4d759b",
		"e6ad5a": "3b5a87",
		"9c1000": "67305a",
		"c54219": "904864",
		"f7734a": "a75e6d",
		"7b316b": "8a5554"
	}
}