{
	"1": {
		"4a5a94": "2a2750",
		"639cce": "2f4861",
		"8cbdef": "396979",
		"cee6f7": "5dac9b",
		"add6ff": "3e8383",
		"ffffff": "d0f9ea",
		"bd3a31": "481e1c",
		"7b7b7b": "425c58",
		"d6d6d6": "709587",
		"ad6b00": "377b4b",
		"f7e64a": "abdd82",
		"e6ad3a": "63a666"
	},
	"2": {
		"4a5a94": "54133f",
		"639cce": "b53f49",
		"8cbdef": "d64b52",
		"cee6f7": "ffb273",
		"add6ff": "f27461",
		"ffffff": "ffe8ea",
		"bd3a31": "60806d",
		"7b7b7b": "cd6093",
		"d6d6d6": "ffaeb6",
		"ad6b00": "4e878a",
		"f7e64a": "b3f2d8",
		"e6ad3a": "7bc9bb"
	}
}