{
	"1": {
		"c52119": "ad4e76",
		"5e5e6b": "6c6e60",
		"f7e652": "a3d1a8",
		"52525a": "4f454c",
		"cecab9": "cfc8aa",
		"e65137": "c95578",
		"fffabf": "f4f7ab",
		"b52821": "ad4469",
		"292929": "1e1526",
		"39509d": "47449c",
		"f7e860": "f2ea50",
		"e65a42": "cf6182",
		"4d88c4": "7976c6",
		"f7bd21": "79b5a5",
		"2d276d": "2f2768",
		"242323": "282030",
		"585861": "443e6c",
		"fff7a5": "c4e3c3",
		"9c5200": "315c75",
		"f7cc2f": "f7bd21",
		"fffdea": "f8ffe3"
	},
	"2": {
		"c52119": "ebc67c",
		"5e5e6b": "8a2554",
		"f7e652": "577b98",
		"52525a": "f1b571",
		"cecab9": "b84084",
		"e65137": "b95b6e",
		"fffabf": "f5efd1",
		"b52821": "6a253f",
		"292929": "a45233",
		"39509d": "9ec4cd",
		"f7e860": "eddc78",
		"e65a42": "eedd9c",
		"4d88c4": "e4f6f1",
		"f7bd21": "486689",
		"2d276d": "454a61",
		"242323": "282030",
		"585861": "3f4246",
		"fff7a5": "7b96aa",
		"9c5200": "283361",
		"965b0e": "96500e",
		"f7cc2f": "d5ac44",
		"fffdea": "ea82a6"
	}
}