{
	"0": {
		"427b52": "0e5502",
		"b5de73": "77ce53",
		"6b6b63": "803b0b",
		"73ad5a": "1e7709",
		"ffffef": "f8d57f",
		"848484": "a75f18",
		"bdc5c5": "be7626",
		"fffff7": "fff3ba",
		"524a4a": "692a05",
		"cedece": "e5af4f",
		"cebd9c": "f7ecd7",
		"9c8473": "bfa483",
		"ad947b": "e8d6b6"
	},
	"1": {
		"427b52": "7a4f7c",
		"b5de73": "c3b4c0",
		"6b6b63": "060931",
		"73ad5a": "886883",
		"ffffef": "68478c",
		"848484": "371647",
		"bdc5c5": "44215b",
		"fffff7": "9b7cca",
		"524a4a": "2a0b34",
		"cedece": "553275",
		"634a42": "a34014",
		"cebd9c": "ffcc81",
		"9c8473": "cf6c26",
		"ad947b": "f2a44d"
	},
	"2": {
		"427b52": "88134e",
		"b5de73": "d9537b",
		"6b6b63": "125460",
		"73ad5a": "ac265e",
		"ffffef": "9cf4d2",
		"848484": "1e767e",
		"bdc5c5": "35a69f",
		"fffff7": "e4fff5",
		"524a4a": "052e3c",
		"cedece": "5cc7bb",
		"634a42": "181438",
		"cebd9c": "5f5f82",
		"9c8473": "282752",
		"ad947b": "474773"
	}
}