{
	"0": {
		"848494": "947d63",
		"5a5a63": "6c5440",
		"ffffff": "fff2e5",
		"cecece": "cbc4a2",
		"a5a5ad": "bca88c",
		"adadad": "43894b",
		"8c8c8c": "3e6244",
		"6b6b6b": "2c4531",
		"6bbdff": "d6ff42",
		"52524a": "1c3725",
		"9c3142": "7a343e",
		"de5252": "dc7777"
	},
	"1": {
		"848494": "3d3c8c",
		"5a5a63": "2b265d",
		"ffffff": "cdd9fa",
		"cecece": "91a1e3",
		"a5a5ad": "686dc0",
		"adadad": "c2584c",
		"8c8c8c": "7f363b",
		"6b6b6b": "611f26",
		"6bbdff": "ffcf47",
		"52524a": "431b22",
		"9c3142": "ad3a89",
		"de5252": "de6bb1"
	},
	"2": {
		"848494": "89441f",
		"5a5a63": "722f15",
		"ffffff": "ffcc7d",
		"cecece": "d48e3c",
		"a5a5ad": "a45f34",
		"adadad": "6a87bb",
		"8c8c8c": "4c5f89",
		"6b6b6b": "2c4368",
		"6bbdff": "2aebcf",
		"52524a": "192c45",
		"9c3142": "871a29",
		"de5252": "bb3e3e"
	}
}