{
	"1": {
		"83414a": "59141d",
		"8b838b": "5a4357",
		"b44a5a": "83272c",
		"e6738b": "a53835",
		"dedede": "e0cdd9",
		"aca4ac": "a5829d",
		"52414a": "432641",
		"cecece": "d6c0a4",
		"f8f8f8": "fff4db",
		"a47329": "722966",
		"f6de83": "ee9bd5",
		"eebd5a": "ce5cb6",
		"00b4e0": "efa360"
	},
	"2": {
		"83414a": "461f5d",
		"8b838b": "445a7e",
		"b44a5a": "633971",
		"e6738b": "7d5187",
		"dedede": "cbd0d6",
		"aca4ac": "6c7d9e",
		"52414a": "1f344a",
		"cecece": "8aacd2",
		"f8f8f8": "c4dff1",
		"a47329": "205a9e",
		"f6de83": "5abbef",
		"eebd5a": "3a8dca",
		"00b4e0": "3dc7b6"
	}
}