{
	"0": {
		"638cad": "9561a0",
		"5ab5ce": "bd94c5",
		"314a4a": "5f366d",
		"9cd6de": "eed3f3",
		"c5ad5a": "c5c5a4",
		"735a29": "73735a",
		"efe6a5": "ffffff",
		"e6ce8c": "e6e6d5"
	},
	"1": {
		"638cad": "88241f",
		"5ab5ce": "be4234",
		"314a4a": "441327",
		"9cd6de": "e58060",
		"c5ad5a": "c29f9a",
		"735a29": "734b48",
		"a52942": "6c1a33",
		"efe6a5": "ffede7",
		"ce6b6b": "b34d28",
		"e6ce8c": "e3ccc7",
		"ff9c8c": "eca16c"
	},
	"2": {
		"638cad": "472976",
		"5ab5ce": "5f4897",
		"314a4a": "210d3b",
		"9cd6de": "8770c7",
		"c5ad5a": "eab56b",
		"735a29": "ad5923",
		"a52942": "1c3666",
		"efe6a5": "fff6d6",
		"ce6b6b": "445fd7",
		"e6ce8c": "ffd999",
		"ff9c8c": "729df5"
	}
}