{
	"1": {
		"5a9452": "153a51",
		"3a5229": "0b2337",
		"a5314a": "9c5910",
		"a5de73": "4d8393",
		"f75a84": "d28f31",
		"ffa5bd": "efc754",
		"73c55a": "215569",
		"a5b59c": "bb9b89",
		"d6e6b5": "e4d0c2",
		"295a94": "482571",
		"5294d6": "784aa3",
		"63bdff": "a86dcd",
		"cea521": "bc2b3a",
		"f7e64a": "d94448"
	},
	"2": {
		"5a9452": "503277",
		"3a5229": "2f1c52",
		"a5314a": "9c2407",
		"a5de73": "9e76bb",
		"f75a84": "cb5a1b",
		"ffa5bd": "ec883b",
		"73c55a": "764f9c",
		"a5b59c": "8e86bc",
		"d6e6b5": "d5cbf4",
		"295a94": "6f104e",
		"5294d6": "b23273",
		"63bdff": "d24a86",
		"cea521": "3a66be",
		"f7e64a": "4f87d8"
	}
}