{
	"1": {
		"293a9c": "660219",
		"1052ce": "a4172f",
		"313a5a": "510019",
		"5a84ef": "e64f4f",
		"2173de": "ce323d",
		"847384": "804d5e",
		"b5adb5": "aa7f8d",
		"d6cede": "d3b5c4",
		"94adff": "f5796d",
		"524a4a": "5c263d",
		"efe6ff": "ffe6f8"
	},
	"2": {
		"293a9c": "22123a",
		"1052ce": "34224b",
		"313a5a": "170a2d",
		"5a84ef": "8f69a3",
		"2173de": "503769",
		"847384": "7d6589",
		"b5adb5": "b7a3bf",
		"d6cede": "eed9ef",
		"94adff": "b484ce",
		"524a4a": "563564",
		"efe6ff": "fcebf6"
	}
}