{
	"1": {
		"9c9ca5": "7ecdd1",
		"d684ce": "7bb15b",
		"636373": "3c6b95",
		"ef7b94": "e99e76",
		"f7bdf7": "bbfcf8",
		"bd63ad": "559b43",
		"a5425a": "a84331",
		"f7a5b5": "f7d1a0",
		"6b426b": "18340c",
		"ce5a7b": "d06d50",
		"e6a5de": "b5d780",
		"4a4a52": "2b4d7d",
		"7b7b84": "5ca0b5"
	},
	"2": {
		"9c9ca5": "fffade",
		"d684ce": "67508c",
		"636373": "e8bc75",
		"ef7b94": "379a85",
		"f7bdf7": "b395de",
		"bd63ad": "574285",
		"a5425a": "144844",
		"f7a5b5": "5cba98",
		"6b426b": "081f19",
		"ce5a7b": "1f6759",
		"e6a5de": "7a649c",
		"4a4a52": "d08f55",
		"7b7b84": "fbefb3"
	}
}