{
    "1": {
        "101010": "101010",
        "5a3a63": "944f25",
        "b51900": "b51900",
        "de4229": "de4229",
        "845a52": "42adc1",
        "009463": "273161",
        "945ab5": "cf863e",
        "4acea5": "55729e",
        "848484": "848484",
        "ce84de": "e0c151",
        "e6adef": "ede4ab",
        "c5c5c5": "c5c5c5",
        "ffffff": "ffffff"
    },
    "2": {
        "101010": "101010",
        "5a3a63": "142440",
        "b51900": "d98943",
        "de4229": "edc85a",
        "845a52": "e1b13b",
        "009463": "b0384a",
        "945ab5": "253f5e",
        "4acea5": "ed938e",
        "848484": "848484",
        "ce84de": "375c73",
        "e6adef": "5d91a1",
        "c5c5c5": "c5c5c5",
        "ffffff": "ffffff"
    }
}