{
	"1": {
		"8cbd63": "c54b4b",
		"a5d670": "df5252",
		"4aa552": "9f2f2c",
		"a5d674": "e16363",
		"7aa953": "c54b4b",
		"7ba563": "b44040",
		"215200": "710f2e",
		"f7ce00": "7aa1df",
		"525252": "123a5a",
		"8c6b3a": "448bc3",
		"bdef84": "ec8c8c",
		"63b56b": "b2332f",
		"319452": "831a1f",
		"196b21": "891222",
		"4a7310": "982443"
	},
	"2": {
		"8cbd63": "e3d7a6",
		"a5d670": "d7cda7",
		"4aa552": "c5a77f",
		"a5d674": "8c669b",
		"7aa953": "704e7e",
		"7ba563": "704e7e",
		"215200": "583823",
		"f7ce00": "f2aacd",
		"525252": "a53b6f",
		"8c6b3a": "df87bb",
		"bdef84": "a779ba",
		"63b56b": "cfc191",
		"319452": "b08d72",
		"196b21": "78582c",
		"4a7310": "4f3956"
	}
}