{
	"textures": [
		{
			"image": "334-mega_2.png",
			"format": "RGBA8888",
			"size": {
				"w": 92,
				"h": 92
			},
			"scale": 1,
			"frames": [
				{
					"filename": "0001.png",
					"rotated": false,
					"trimmed": false,
					"sourceSize": {
						"w": 92,
						"h": 92
					},
					"spriteSourceSize": {
						"x": 0,
						"y": 0,
						"w": 92,
						"h": 92
					},
					"frame": {
						"x": 0,
						"y": 0,
						"w": 92,
						"h": 92
					}
				}
			]
		}
	],
	"meta": {
		"app": "https://www.codeandweb.com/texturepacker",
		"version": "3.0",
		"smartupdate": "$TexturePacker:SmartUpdate:5d810c0cb0bd353437801e17b07a9c9e:d9d14978cf950afea76f3c08a4a7c509:adf6c431b0abb0ef71a9fe139d6f0560$"
	}
}