{
    "1": {
        "101010": "101010",
        "5a296b": "7a411d",
        "004a63": "273161",
        "73735a": "3b447a",
        "73735b": "73735b",
        "ad1000": "ad1000",
        "e64231": "e64231",
        "297b94": "3b4d7a",
        "a55294": "cf863e",
        "d673ef": "e0c151",
        "4294c5": "55729e",
        "c5c5a5": "6272a8",
        "c4c4a7": "c4c4a7",
        "c7c7a9": "c7c7a9",
        "de94f7": "ede4ab",
        "e6e6d6": "7687ab",
        "fafafa": "8fa2c2",
        "fcfcfc": "fcfcfc",
        "ffffff": "ffffff"
    },
    "2": {
        "101010": "101010",
        "5a296b": "142440",
        "004a63": "b0384a",
        "73735a": "85204a",
        "73735b": "a37355",
        "ad1000": "d98943",
        "e64231": "edc85a",
        "297b94": "d65e64",
        "a55294": "253f5e",
        "d673ef": "375c73",
        "4294c5": "ed938e",
        "c5c5a5": "c43d63",
        "c4c4a7": "e0b990",
        "c7c7a9": "c7c7a9",
        "de94f7": "5d91a1",
        "e6e6d6": "d15271",
        "fafafa": "de6476",
        "fcfcfc": "ede1b4",
        "ffffff": "ffffff"
    }
}