{
	"0": {
		"bde6e6": "bee3e6",
		"634a73": "4a4a73",
		"8c73d6": "738cd6",
		"c5b5ff": "f7ff7e",
		"7b52bd": "5260bd",
		"9c9cc5": "c8c87a"
	},
	"1": {
		"73a58c": "99b5b8",
		"bde6e6": "eeebff",
		"8ccead": "c4dcdc",
		"29523a": "335c68",
		"52736b": "688e94",
		"634a73": "1f2567",
		"8c73d6": "3f59a0",
		"7b52bd": "323e85",
		"4a524a": "2f3355"
	},
	"2": {
		"73a58c": "245b68",
		"bde6e6": "68c7c4",
		"8ccead": "47989e",
		"29523a": "15364b",
		"52736b": "5e98a5",
		"634a73": "2f4954",
		"8c73d6": "b6e7e8",
		"c5b5ff": "535c85",
		"7b52bd": "7eafbf",
		"4a524a": "27255c",
		"9c9cc5": "464d85"
	}
}