{
	"1": {
		"a57352": "9f6f43",
		"e6a54a": "cca375",
		"ffe694": "faedcd",
		"ffd65a": "ebd4b0",
		"000000": "101010",
		"424a6b": "29346b",
		"c5e6ff": "afadcd",
		"9cc5e6": "888ab1",
		"7b2942": "1b4b69",
		"6b94b5": "424d83",
		"f7527b": "2f6e8c",
		"b5425a": "14404e",
		"ce8cb5": "1f5472"
	},
	"2": {
		"a57352": "934123",
		"e6a54a": "c86b3e",
		"ffe694": "f4c89d",
		"ffd65a": "ee9b65",
		"000000": "101010",
		"424a6b": "5b4950",
		"c5e6ff": "e8d6d6",
		"9cc5e6": "c29ea6",
		"7b2942": "102837",
		"6b94b5": "593a58",
		"f7527b": "4d8891",
		"b5425a": "27484c",
		"ce8cb5": "3a656c"
	}
}