{
	"1": {
		"424a6b": "421e4a",
		"293a3a": "27122b",
		"ce2921": "f7c26d",
		"7b2931": "c9824b",
		"ff7b73": "fff291",
		"737bad": "874267",
		"d6deef": "589aa6",
		"283838": "101f30",
		"525a7b": "612b54",
		"b5b5d6": "458196",
		"636384": "2a3163",
		"7179ab": "2b3266",
		"ffffff": "61a8ab",
		"8c8cad": "3b6987"
	},
	"2": {
		"424a6b": "b39279",
		"293a3a": "996e5f",
		"ce2921": "2a96ce",
		"7b2931": "0f4391",
		"ff7b73": "96eeff",
		"737bad": "f5f1cb",
		"d6deef": "8f2f41",
		"283838": "31101f",
		"525a7b": "e0c79f",
		"b5b5d6": "752f40",
		"636384": "42122d",
		"7179ab": "7d1d36",
		"ffffff": "9e363b",
		"8c8cad": "59213b"
	}
}