{
	"1": {
		"7b73a5": "896d62",
		"efefff": "f3e6df",
		"ceceef": "e3cfc1",
		"8c294a": "741c00",
		"ff6363": "cb621c",
		"ce4a52": "b54c0d",
		"ffa573": "e18459",
		"bd4242": "8e2c03",
		"cea54a": "7646e5",
		"ffce5a": "9b75ff",
		"ada5d6": "ac9485",
		"73adef": "a480f8",
		"5a73b5": "8046e4"
	},
	"2": {
		"7b73a5": "ad5682",
		"efefff": "f2bddf",
		"ceceef": "d899bd",
		"8c294a": "480a81",
		"ff6363": "9344b8",
		"ce4a52": "70309f",
		"ffa573": "862b99",
		"bd4242": "5a1e8c",
		"cea54a": "ab2635",
		"ffce5a": "cf3d45",
		"ada5d6": "c56399",
		"73adef": "e64c4b",
		"5a73b5": "bb272c"
	}
}