{
	"0": {
		"ad8431": "925108",
		"ffff94": "f7e980",
		"ffe65a": "f3bf5c",
		"e6bd52": "db942d",
		"52adce": "e43f54",
		"317b8c": "c0173f",
		"63d6de": "f87d82",
		"c5cede": "cea9b3",
		"e6eff7": "ddd4d6",
		"6b7373": "6e2d47",
		"9ca5ad": "965771"
	},
	"1": {
		"ad8431": "874100",
		"ffff94": "f7be5d",
		"ffe65a": "de9128",
		"e6bd52": "ba670d",
		"52adce": "459c5f",
		"317b8c": "194e2e",
		"63d6de": "7dea9b",
		"c5cede": "decbc5",
		"e6eff7": "f7ece6",
		"6b7373": "816566",
		"9ca5ad": "ad9d9c"
	},
	"2": {
		"ad8431": "234664",
		"ffff94": "b1dbe8",
		"ffe65a": "6fb6da",
		"e6bd52": "427aa3",
		"52adce": "d256b7",
		"317b8c": "6f1b61",
		"63d6de": "f6a5e0",
		"c5cede": "d6c5de",
		"e6eff7": "eee6f7",
		"6b7373": "7f6581",
		"9ca5ad": "aa9cad"
	}
}