{
	"1": {
		"3a8c42": "e79ac2",
		"3a5a29": "3b1228",
		"63b56b": "ffd3f2",
		"634a3a": "0d2520",
		"b58452": "3f5e4c",
		"8c6b42": "19322b",
		"deb542": "738f7a",
		"efd642": "9cc096",
		"6b8c4a": "773859",
		"94ad5a": "954e6c",
		"adc563": "b07587"
	},
	"2": {
		"3a8c42": "d6e1e9",
		"3a5a29": "1c1a1a",
		"63b56b": "ffffff",
		"634a3a": "251c3d",
		"b58452": "2c4a78",
		"8c6b42": "20284e",
		"deb542": "3875a1",
		"efd642": "8bcadd",
		"6b8c4a": "362f2f",
		"94ad5a": "463d3e",
		"adc563": "756667"
	}
}