{
	"1": {
		"21639c": "3b7260",
		"104a73": "244941",
		"318cd6": "44a36b",
		"6ba5e6": "54c461",
		"bdcede": "e2d7a5",
		"63a5c5": "ce8a56",
		"9cd6f7": "e8ce81",
		"637b94": "c68a67",
		"ad843a": "81899b",
		"ffefc5": "d0dde8",
		"f7ce42": "bec8d1",
		"634a10": "363b56",
		"086b7b": "bc4423"
	},
	"2": {
		"21639c": "ae386b",
		"104a73": "6f244e",
		"318cd6": "df5d7e",
		"6ba5e6": "ff8692",
		"ffffff": "f4ede8",
		"bdcede": "ccb9af",
		"63a5c5": "4a172e",
		"9cd6f7": "782439",
		"637b94": "877e78",
		"ad843a": "368089",
		"ffefc5": "92edcf",
		"f7ce42": "67c1b7",
		"634a10": "163e59",
		"086b7b": "31091f"
	}
}