{
	"1": {
		"735a63": "bd453c",
		"5c545c": "144a40",
		"5a525a": "156146",
		"7b6b7b": "28854d",
		"f75242": "90cc58",
		"4f3847": "ab5022",
		"b5b5b5": "d7be89",
		"9c4242": "5fad3b",
		"7b4221": "b06421",
		"fcfcfc": "e8e3b6",
		"3a3a3a": "07332d",
		"bd6300": "db963b",
		"523a4a": "751e23",
		"9c848c": "ed7f4c",
		"ff9429": "ffcf5e"
	},
	"2": {
		"735a63": "307b82",
		"5c545c": "e6a647",
		"5a525a": "1b2745",
		"7b6b7b": "293854",
		"f75242": "e6bd4e",
		"4f3847": "421917",
		"b5b5b5": "debd8c",
		"9c4242": "c4833d",
		"7b4221": "52281f",
		"fcfcfc": "fcfad2",
		"3a3a3a": "080d1f",
		"bd6300": "63362b",
		"523a4a": "163d4d",
		"9c848c": "4da8a1",
		"ff9429": "8c604c"
	}
}