{
	"1": {
		"524a42": "cf8439",
		"9c9c94": "ffeea0",
		"7b7363": "f6bb47",
		"8c6b08": "272344",
		"e6c56b": "454389",
		"ffefad": "56769d",
		"945219": "973939",
		"5a2100": "272344",
		"6b4221": "541b23",
		"e66b63": "afd3df",
		"b54a3a": "498ebe",
		"fff2be": "fff9e3",
		"f3d277": "ff7e7e"
	},
	"2": {
		"524a42": "453565",
		"9c9c94": "ae85ba",
		"7b7363": "71558c",
		"8c6b08": "784341",
		"e6c56b": "e59a75",
		"ffefad": "ffd47c",
		"945219": "b5567a",
		"5a2100": "2a545f",
		"6b4221": "853360",
		"e66b63": "70af85",
		"b54a3a": "2f9378",
		"fff2be": "fff4ca",
		"f3d277": "ffd8ed"
	}
}