{
	"0": {
		"5a5a5a": "455081",
		"3a3a42": "30366b",
		"737b6b": "526390",
		"523a4a": "301a49",
		"c55a9c": "774490",
		"844a73": "572d73",
		"7b4a5a": "92427c",
		"b56b7b": "c373a4",
		"ef949c": "df9dbf"
	},
	"1": {
		"5a5a5a": "594f69",
		"3a3a42": "403850",
		"737b6b": "8e869c",
		"523a4a": "3c1421",
		"c55a9c": "8d5053",
		"844a73": "723542",
		"7b4a5a": "3d3b56",
		"b56b7b": "5a5a79",
		"ef949c": "828498"
	},
	"2": {
		"5a5a5a": "b5d6b2",
		"3a3a42": "7aa17b",
		"737b6b": "daeed5",
		"523a4a": "251f2f",
		"c55a9c": "5e5864",
		"844a73": "39343f",
		"7b4a5a": "1b6b2e",
		"b56b7b": "399746",
		"ef949c": "69bd6a"
	}
}