{
    "1": {
        "101010": "101010",
        "3e364e": "734430",
        "524941": "732e12",
        "5a524a": "642f1a",
        "4a425a": "5f2618",
        "84523a": "9b314f",
        "ef845a": "e26e6e",
        "c5a563": "e95d6c",
        "ffd663": "f17c7c",
        "637b9c": "86452b",
        "7bb5e6": "a25f37",
        "cec5c5": "e8be64",
        "f7f7f7": "faeda9",
        "ffffff": "ffffff",
        "7b7b84": "8e623c"
    },
    "2": {
        "101010": "101010",
        "3e364e": "203243",
        "524941": "2d284c",
        "5a524a": "0f203a",
        "4a425a": "23704c",
        "84523a": "693939",
        "ef845a": "e1b8ac",
        "c5a563": "5ae7f6",
        "ffd663": "8ffaff",
        "637b9c": "a2dc76",
        "7bb5e6": "e4fba1",
        "cec5c5": "357577",
        "f7f7f7": "5ba297",
        "ffffff": "ffffff",
        "7b7b84": "1f3f4e"
    }
}