{
	"textures": [
		{
			"image": "4199_1.png",
			"format": "RGBA8888",
			"size": {
				"w": 68,
				"h": 68
			},
			"scale": 1,
			"frames": [
				{
					"filename": "0001.png",
					"rotated": false,
					"trimmed": false,
					"sourceSize": {
						"w": 45,
						"h": 68
					},
					"spriteSourceSize": {
						"x": 0,
						"y": 0,
						"w": 45,
						"h": 68
					},
					"frame": {
						"x": 0,
						"y": 0,
						"w": 45,
						"h": 68
					}
				}
			]
		}
	],
	"meta": {
		"app": "https://www.codeandweb.com/texturepacker",
		"version": "3.0",
		"smartupdate": "$TexturePacker:SmartUpdate:27c2d70c7e5101b7c6ab6babde47c1d2:f7943da1ac39c61260eeba8ae682863a:427382f12be0d488e7af870a65d1099b$"
	}
}