{
    "1": {
        "101010": "101010",
        "105221": "ab554b",
        "4a2942": "5e1228",
        "7b294a": "103d47",
        "7a2a4a": "236e6a",
        "427b4a": "d98b77",
        "6b427b": "962a3e",
        "a53a63": "368a7f",
        "ce527b": "51b095",
        "52ad5a": "f7bfa8",
        "5ac55a": "fcdbc7",
        "845aad": "c75058",
        "9c7bbd": "db7f7f",
        "de7394": "73d9ae"
    },
    "2": {
        "101010": "101010",
        "105221": "995969",
        "4a2942": "521d44",
        "7b294a": "390f26",
        "7a2a4a": "571539",
        "427b4a": "ba8087",
        "6b427b": "8f4270",
        "a53a63": "611c3b",
        "ce527b": "752648",
        "52ad5a": "cf9d9d",
        "5ac55a": "e3cbca",
        "845aad": "a86886",
        "9c7bbd": "d197ac",
        "de7394": "ad5168"
    }
}