{
	"0": {
		"73426b": "8b3553",
		"e652a5": "c66264",
		"ff8cc5": "ff9269",
		"6b3a52": "7a3425",
		"ad6394": "c66264",
		"ffb5e6": "ffbea6",
		"ffde73": "ffd275",
		"a58c3a": "ca8b46",
		"524a3a": "645346",
		"c5428c": "bd294a",
		"b5b5c5": "ca8b46",
		"73737b": "645346",
		"efefef": "ffd275"
	},
	"1": {
		"73426b": "573d64",
		"e652a5": "7960a1",
		"ff8cc5": "aa8be8",
		"6b3a52": "573d64",
		"ad6394": "7960a1",
		"ffb5e6": "c1a5ff",
		"ffde73": "ffb8c5",
		"a58c3a": "da6f7b",
		"524a3a": "993d48",
		"c5428c": "bd294a",
		"b5b5c5": "d1b07c",
		"73737b": "8a7b68",
		"efefef": "f7f0b4"
	},
	"2": {
		"73426b": "281e4c",
		"e652a5": "48427b",
		"ff8cc5": "5d64be",
		"6b3a52": "281e4c",
		"ad6394": "48427b",
		"ffb5e6": "7588e8",
		"ffde73": "ffc975",
		"a58c3a": "e5693d",
		"524a3a": "933f04",
		"c5428c": "bd294a",
		"b5b5c5": "00a172",
		"73737b": "00706a",
		"efefef": "3cc59b"
	}
}