{
	"0": {
		"4a3a3a": "101010",
		"a56b3a": "c66264",
		"6b4a3a": "8b3553",
		"c5944a": "ff9269",
		"a58c3a": "ca8b46",
		"ffde73": "ffd275",
		"524a3a": "645346",
		"ad6394": "c66264",
		"ff8cc5": "ff9269",
		"6b3a52": "7a3425"
	},
	"1": {
		"4a3a3a": "573d64",
		"a56b3a": "aa8be8",
		"6b4a3a": "7960a1",
		"c5944a": "c1a5ff",
		"a58c3a": "da6f7b",
		"ffde73": "ffb8c5",
		"524a3a": "993d48",
		"ad6394": "d1b07c",
		"ff8cc5": "f7f0b4",
		"6b3a52": "8a7b68"
	},
	"2": {
		"4a3a3a": "281e4c",
		"a56b3a": "5d64be",
		"6b4a3a": "48427b",
		"c5944a": "7588e8",
		"a58c3a": "e5693d",
		"ffde73": "ffc975",
		"524a3a": "933f04",
		"ad6394": "00a172",
		"ff8cc5": "3cc59b",
		"6b3a52": "00706a"
	}
}