{
	"1": {
		"734a42": "415c73",
		"ad5242": "428dad",
		"ff735a": "5ae9ff",
		"debd73": "c4b487",
		"ffefa5": "ffeccc",
		"8c6b42": "8c7457",
		"52216b": "701523",
		"843aad": "ad452f",
		"b563e6": "dea95a",
		"9c4ac5": "c47440",
		"bd9473": "bd9a7e",
		"ab5141": "293b94",
		"fc7158": "3973e5"
	},
	"2": {
		"734a42": "593802",
		"ad5242": "946212",
		"ff735a": "ffb338",
		"debd73": "99455d",
		"ffefa5": "ed8286",
		"8c6b42": "632339",
		"52216b": "807870",
		"843aad": "a6a297",
		"b563e6": "e5dfdf",
		"9c4ac5": "bfbeb4",
		"bd9473": "802d44",
		"ab5141": "8c1c2f",
		"fc7158": "b33636"
	}
}