{
	"1": {
		"836a5a": "991e47",
		"eedea4": "ff6666",
		"c5a47b": "cc3d55",
		"532d30": "994c3d",
		"aa6840": "ffcc99",
		"894d3b": "cc8866",
		"7b3941": "472866",
		"c55a7b": "7f4c99",
		"ee5a4a": "bd7acc",
		"2c2423": "0d0b16",
		"3a3130": "161626",
		"504845": "232533"
	},
	"2": {
		"836a5a": "948eb2",
		"eedea4": "ffffff",
		"c5a47b": "cecee5",
		"532d30": "355699",
		"aa6840": "8cd8ff",
		"894d3b": "5b93cc",
		"7b3941": "990c00",
		"c55a7b": "cc4328",
		"ee5a4a": "ff884c",
		"2c2423": "191933",
		"3a3130": "312c49",
		"504845": "514766"
	}
}