{
	"1": {
		"4a4a8c": "701237",
		"6b73d6": "9e1e4e",
		"849cff": "c43658",
		"313142": "2f0419",
		"525252": "50242f",
		"b58c19": "8ac43c",
		"ffd619": "c1e65a",
		"e6525a": "e58837",
		"9c3a3a": "ca5925",
		"b5b5c5": "af7953",
		"ffffff": "ffe29b",
		"3a3a52": "4c0914",
		"ff9ca5": "ffc15b",
		"7b7b8c": "794032"
	},
	"2": {
		"4a4a8c": "d88f77",
		"6b73d6": "f0ce8b",
		"849cff": "fff2c9",
		"313142": "610d31",
		"525252": "af465d",
		"b58c19": "d0498c",
		"ffd619": "ff81ae",
		"e6525a": "40adbb",
		"9c3a3a": "16729b",
		"b5b5c5": "b1798c",
		"ffffff": "f0e3e5",
		"3a3a52": "b15248",
		"ff9ca5": "a9ebeb",
		"7b7b8c": "7e3a6a"
	}
}