{
	"1": {
		"ad8419": "8fb9cc",
		"f7ce52": "cee7f2",
		"635a6b": "90495b",
		"7b7b84": "90495b",
		"adadb5": "c36c77",
		"424252": "612e40",
		"8494c5": "ffc4b8",
		"9cbdef": "ffe9e5",
		"6b739c": "f99596"
	},
	"2": {
		"ad8419": "6a9ca0",
		"f7ce52": "a7dcaa",
		"635a6b": "662e00",
		"ffffff": "fffb93",
		"7b7b84": "662e00",
		"adadb5": "8c500b",
		"424252": "401d00",
		"8494c5": "bf7826",
		"9cbdef": "e6a845",
		"6b739c": "a65410",
		"d64a29": "a7dcaa",
		"a53a29": "74b8bd",
		"732929": "6a9ca0"
	}
}