{
	"0": {
		"849cb5": "8b6467",
		"733129": "0a454a",
		"efefff": "eee0db",
		"4a5a73": "593237",
		"ce4a31": "1c7b7e",
		"bdc5de": "ceacac",
		"4284ef": "d44779",
		"94b5ff": "ff7986",
		"bd8484": "28a6a5",
		"525aad": "8d2f5c"
	},
	"1": {
		"849cb5": "734350",
		"733129": "ba711c",
		"efefff": "f3cbcb",
		"4a5a73": "452030",
		"ce4a31": "f6bd58",
		"bdc5de": "c2888c",
		"4284ef": "ef884d",
		"94b5ff": "ffc490",
		"bd8484": "ffdbaa",
		"525aad": "cb5423"
	},
	"2": {
		"849cb5": "477cb6",
		"733129": "8b4021",
		"efefff": "b3ddeb",
		"4a5a73": "254985",
		"ce4a31": "d97741",
		"bdc5de": "81aaca",
		"4284ef": "db79db",
		"94b5ff": "e89fe5",
		"bd8484": "e48d41",
		"525aad": "be52c9"
	}
}