{
	"1": {
		"4a7bff": "648c50",
		"8cbdf7": "9ea436",
		"084ac5": "204336",
		"c54a19": "205027",
		"ef7329": "417131",
		"7b3a21": "143b2b",
		"ffad84": "819d56",
		"bdbdbd": "d8e082",
		"ffffff": "fbffbd",
		"317bef": "9ea436",
		"0842ad": "648c50",
		"4a4a52": "183b29"
	},
	"2": {
		"4a7bff": "6de1a7",
		"8cbdf7": "b4feca",
		"084ac5": "1aac79",
		"c54a19": "53abd0",
		"ef7329": "86d7ec",
		"7b3a21": "255e90",
		"ffad84": "bbf7fe",
		"317bef": "73757f",
		"0842ad": "53555e",
		"4a4a52": "3f3f4e"
	}
}