{
	"0": {
		"317bad": "399271",
		"3a529c": "185b4f",
		"9ce6ff": "c3ffcd",
		"6bc5f7": "9bf3b7",
		"199cd6": "69c796",
		"ceefff": "e3ffe3",
		"196bde": "326260",
		"ad3a29": "c37a31",
		"de849c": "ffcb68",
		"e64210": "d19449"
	},
	"1": {
		"317bad": "964d17",
		"3a529c": "682307",
		"9ce6ff": "ffd289",
		"6bc5f7": "f5a54e",
		"199cd6": "c27138",
		"196bde": "23395b",
		"ad3a29": "3c68ad",
		"de849c": "b9e6ff",
		"e64210": "4d9ac4"
	},
	"2": {
		"317bad": "a43b74",
		"3a529c": "84255f",
		"9ce6ff": "efa0b2",
		"6bc5f7": "e484a8",
		"199cd6": "c65086",
		"196bde": "45135e",
		"ad3a29": "652386",
		"de849c": "a884ff",
		"e64210": "893ac2"
	}
}