{
	"0": {
		"317bad": "399271",
		"199cd6": "69c796",
		"6bc5f7": "9bf3b7",
		"294a84": "185b4f",
		"9ce6ff": "cdffd7",
		"ceefff": "eaffeb",
		"ffde52": "215957",
		"e6ad52": "143c3e",
		"ad3a29": "c37a31",
		"de849c": "ffcb68",
		"e64210": "d19449"
	},
	"1": {
		"317bad": "964d17",
		"199cd6": "c27138",
		"6bc5f7": "f5a54e",
		"294a84": "682307",
		"9ce6ff": "ffd289",
		"ceefff": "ffeecc",
		"ffde52": "38577c",
		"e6ad52": "23395b",
		"ad3a29": "3c68ad",
		"de849c": "b9e6ff",
		"e64210": "4d9ac4"
	},
	"2": {
		"317bad": "b8488c",
		"199cd6": "cc659c",
		"6bc5f7": "de89b3",
		"294a84": "912b6e",
		"9ce6ff": "e7a6c3",
		"ffde52": "692a88",
		"e6ad52": "45135e",
		"ad3a29": "652386",
		"de849c": "a884ff",
		"e64210": "893ac2"
	}
}