{
	"1": {
		"ce3a3a": "1a4848",
		"942110": "10292c",
		"ff846b": "40a78f",
		"ff524a": "2a6e70",
		"005aff": "ce1010",
		"ff4200": "5033ce",
		"ffa500": "9e59db",
		"e6cead": "99f4f7",
		"cead7b": "6ee3e5",
		"ffde29": "e9bfff",
		"b58c5a": "60c5c8"
	},
	"2": {
		"ce3a3a": "163793",
		"942110": "101a70",
		"ff846b": "418ae2",
		"ff524a": "2564bc",
		"005aff": "2b75ff",
		"ff4200": "4c83d4",
		"ffa500": "96e8e8",
		"e6cead": "5e238e",
		"cead7b": "47177a",
		"ffde29": "f9fffa",
		"b58c5a": "340d6b"
	}
}