{
	"1": {
		"5a3119": "10644e",
		"c57342": "4eb578",
		"a55a5a": "2b8d62",
		"de9c5a": "7ade9a",
		"d63a4a": "ef4da0",
		"730019": "882859",
		"ffad94": "ffc6cf",
		"ff6b5a": "ff78b0",
		"5a5221": "77674b",
		"b5ad73": "d6c5a1",
		"847b4a": "a29276",
		"e6e6b5": "ffffe4"
	},
	"2": {
		"5a3119": "a66010",
		"c57342": "f2ad3d",
		"a55a5a": "cc8029",
		"de9c5a": "ffde62",
		"d63a4a": "c3ccd9",
		"730019": "62738c",
		"ffad94": "ffffff",
		"ff6b5a": "e6ebf2",
		"5a5221": "62738c",
		"b5ad73": "c3ccd9",
		"847b4a": "8592a6",
		"e6e6b5": "e6ebf2"
	}
}