{
	"1": {
		"84a5a5": "563785",
		"4a4a4a": "5e283e",
		"215a9c": "4c234a",
		"c5c5ce": "b57ea1",
		"8aa3a3": "a05982",
		"d65263": "b73891",
		"8da8a8": "a58b90",
		"7b6342": "975fad",
		"fffeff": "ebb9c4",
		"213a63": "28142c",
		"4a4a4c": "6b3e51",
		"d6c57b": "f2d5ee",
		"5a7373": "332a59",
		"ad945a": "db87d1"
	},
	"2": {
		"84a5a5": "41857b",
		"4a4a4a": "c2700d",
		"215a9c": "5e3e38",
		"c5c5ce": "efa838",
		"8aa3a3": "d3a51f",
		"d65263": "41857b",
		"8da8a8": "bdbdbd",
		"7b6342": "0d5656",
		"fdfdff": "ffffff",
		"fffeff": "f9df58",
		"213a63": "321e1e",
		"4a4a4c": "c2700d",
		"d6c57b": "63c7bd",
		"5a7373": "2a5c57",
		"9ab2af": "2a5c57",
		"494644": "1a5451",
		"ad945a": "488383"
	}
}