{
	"1": {
		"ffce7b": "fff187",
		"9ce6ef": "add687",
		"188bab": "42753d",
		"a57b3a": "b5893c",
		"9de8f2": "86e387",
		"21739c": "136b3b",
		"198cad": "219448",
		"29b5de": "34c15e",
		"cea55a": "e0c265",
		"735221": "735f21",
		"003a73": "0a4a2d"
	},
	"2": {
		"ffce7b": "e76092",
		"9ce6ef": "afc3fe",
		"188bab": "8490e3",
		"a57b3a": "b32e77",
		"9de8f2": "f2bbd7",
		"21739c": "cc70a4",
		"198cad": "eb98bf",
		"29b5de": "ffc9dd",
		"cea55a": "cc4580",
		"735221": "8f1f68",
		"003a73": "a64e8b"
	}
}