{
	"1": {
		"a57b3a": "9c7935",
		"106b8c": "08420d",
		"003a73": "13571a",
		"c5c5c5": "aecf86",
		"735221": "7b5e29",
		"ffce7b": "fadd73",
		"9ce6ef": "cade6f",
		"fcfcfc": "edf7c3",
		"2290a8": "568c30",
		"218ca5": "3c8c22",
		"29b5de": "6fad37",
		"cea55a": "c4a148"
	},
	"2": {
		"a57b3a": "b32e77",
		"106b8c": "cc70a4",
		"003a73": "a64e8b",
		"c5c5c5": "59b7d4",
		"735221": "8f1f68",
		"ffce7b": "e76092",
		"9ce6ef": "afc3fe",
		"fcfcfc": "7cfcf7",
		"2290a8": "8490e3",
		"218ca5": "eb98bf",
		"29b5de": "ffc9dd",
		"cea55a": "cc4580"
	}
}