{
	"0": {
		"8c6b00": "5b4a3b",
		"ffe684": "c7b497",
		"d65a3a": "af4dbc",
		"ff7352": "e177de",
		"debd3a": "816f5c",
		"ffffb5": "ece3c7",
		"944200": "86358c",
		"ef9c31": "d577c9",
		"c57b08": "be5fba"
	},
	"1": {
		"8c6b00": "552e15",
		"ffe684": "c08647",
		"cea500": "a96c00",
		"ffd600": "ffbf3f",
		"d65a3a": "b62315",
		"ff7352": "dd4c2a",
		"debd3a": "915d2f",
		"ffffb5": "e5bc79",
		"944200": "2948ad",
		"ef9c31": "7bf7f7",
		"c57b08": "52add6"
	},
	"2": {
		"8c6b00": "241d18",
		"ffe684": "524f4a",
		"cea500": "d2ac00",
		"ffd600": "f9e600",
		"d65a3a": "d06e6b",
		"ff7352": "fab2a1",
		"945a00": "986f00",
		"debd3a": "322d28",
		"ffffb5": "807d77",
		"944200": "3c693b",
		"ef9c31": "c1e8b2",
		"c57b08": "88c082"
	}
}