{
	"0": {
		"947b21": "af4dbc",
		"bda54a": "e177de",
		"845200": "5b4a3b",
		"deb56b": "c7b497",
		"ffe684": "ece3c7",
		"735a10": "de6363",
		"b58429": "816f5c",
		"f75242": "e9bb00",
		"a51000": "b56e00"
	},
	"1": {
		"947b21": "b62315",
		"bda54a": "dd4c2a",
		"845200": "552e15",
		"deb56b": "8d6038",
		"ffe684": "c39564",
		"735a10": "de6363",
		"b58429": "431a0e",
		"f75242": "52add6",
		"ffbd9c": "dd4c2a",
		"a51000": "2948ad"
	},
	"2": {
		"947b21": "d06e6b",
		"bda54a": "fab2a1",
		"845200": "241d18",
		"deb56b": "322d28",
		"ffe684": "524f4a",
		"735a10": "de6363",
		"b58429": "28221e",
		"f75242": "5ed835",
		"a51000": "3ba624"
	}
}