{
	"1": {
		"bdad10": "6b4d3e",
		"8c7b10": "573728",
		"fff721": "6f4c3b",
		"426331": "7b4a5a",
		"7bce08": "ef949c",
		"5a9c31": "b56b7b",
		"ffff9c": "967768",
		"843142": "316d84",
		"ff314a": "31ceff",
		"10423a": "5f3f49",
		"299c52": "b46877",
		"19734a": "8e525e"
	},
	"2": {
		"bdad10": "7b6053",
		"8c7b10": "846851",
		"fff721": "ead3c1",
		"426331": "162969",
		"7bce08": "1e57cc",
		"5a9c31": "183da4",
		"ffff9c": "ffffff",
		"843142": "9e5e25",
		"ff314a": "ff7800",
		"10423a": "122455",
		"299c52": "183da4",
		"19734a": "0b246d"
	}
}