{
    "1": {
        "101010": "101010",
        "4a4a52": "4a4a52",
        "523a21": "a65f33",
        "631919": "222675",
        "6b5a10": "b04a21",
        "8c1929": "2d3685",
        "8c8c9c": "8c8c9c",
        "ad2119": "3a4c94",
        "b57b4a": "d9a455",
        "bd0000": "cfc191",
        "bd9429": "c26932",
        "ef1010": "e3e2ba",
        "efa56b": "e8cd7b",
        "efce10": "d9944a",
        "f7f7f7": "f7f7f7"
    },
    "2": {
        "101010": "101010",
        "4a4a52": "4a4a52",
        "523a21": "291b19",
        "631919": "a86722",
        "6b5a10": "941c32",
        "8c1929": "d6993e",
        "8c8c9c": "8c8c9c",
        "ad2119": "e8ca5d",
        "b57b4a": "4a3021",
        "bd0000": "bab5a6",
        "bd9429": "ba343d",
        "ef1010": "f5f3e9",
        "efa56b": "614b38",
        "efce10": "d14949",
        "f7f7f7": "f7f7f7"
    }
}