{
	"1": {
		"7b6a5a": "162632",
		"5a4a41": "101829",
		"a48b73": "273947",
		"6bdc27": "4eb7c6",
		"7d8991": "4c6177",
		"bdbdbd": "8c9bad",
		"183929": "170829",
		"296a4a": "6b3873",
		"184a31": "412157",
		"ef8fff": "a3f4ff",
		"b37fe0": "65bbdd",
		"76767a": "536e75",
		"fdfdfd": "c0cccf",
		"e6da00": "aac2cf",
		"cd9b2f": "6d7d9f",
		"00acd5": "adf083",
		"febca4": "ffe070",
		"238718": "ffd3e8",
		"07728c": "2aaf52",
		"6b3b4c": "fff1bd",
		"7a5a62": "b87136",
		"eb494e": "371614",
		"b8292d": "3d8acf",
		"5a707a": "e0e6e6",
		"414c59": "789fa1",
		"798489": "4c546c"
	},
	"2": {
		"7b6a5a": "d3b492",
		"5a4a41": "96684c",
		"a48b73": "f4eccf",
		"6bdc27": "f285b9",
		"7d8991": "9d5038",
		"bdbdbd": "da975a",
		"183929": "411513",
		"296a4a": "773835",
		"184a31": "59221f",
		"ef8fff": "edb2cf",
		"b37fe0": "d87393",
		"76767a": "9d6252",
		"fdfdfd": "f2cf93",
		"e6da00": "55383c",
		"cd9b2f": "2f121e",
		"00acd5": "d5435c",
		"febca4": "9b2b4e",
		"238718": "ffd3e8",
		"07728c": "8c1c3d",
		"6b3b4c": "bb3c4f",
		"7a5a62": "502038",
		"eb494e": "6b123f",
		"b8292d": "c34c5d",
		"5a707a": "75432c",
		"414c59": "8f5f48",
		"798489": "a66343"
	}
}