{
	"1": {
		"c5c5c5": "f9c347",
		"ef2952": "eb8343",
		"e65a10": "614593",
		"bd2152": "c44126",
		"736321": "7b8bb3",
		"840808": "931119",
		"000000": "ffffff",
		"6b6b6b": "b34516",
		"bd9c19": "b8c5e5",
		"195abd": "7436a4",
		"94949c": "dc862d",
		"ffde19": "eef5ff",
		"3a424a": "69130d"
	},
	"2": {
		"c5c5c5": "6e8e99",
		"ef2952": "f7efff",
		"e65a10": "ffe8c3",
		"bd2152": "beb7df",
		"736321": "6f1b34",
		"840808": "72709e",
		"000000": "ffffff",
		"6b6b6b": "293a52",
		"bd9c19": "a42641",
		"195abd": "4f3d33",
		"94949c": "3f6372",
		"ffde19": "d0413f",
		"3a424a": "1b253d"
	}
}