{
	"1": {
		"3a2973": "811b50",
		"7352e6": "d04fb8",
		"9c8ce6": "f187d4",
		"c5bdf7": "f99dd8",
		"000000": "2c5d8a",
		"737373": "438ba7",
		"ffffff": "bcfdff",
		"e6e6ff": "91d6e2",
		"cec5ce": "73c0d0",
		"7b6b08": "d62f86",
		"ffe621": "ff61a3"
	},
	"2": {
		"3a2973": "f7ba6f",
		"7352e6": "ffd78a",
		"9c8ce6": "ffe5a6",
		"c5bdf7": "ffedae",
		"000000": "10081a",
		"737373": "221132",
		"ffffff": "76577e",
		"e6e6ff": "64476f",
		"cec5ce": "4a3255",
		"7b6b08": "df8d4d",
		"ffe621": "ffcf87"
	}
}