{
	"1": {
		"297b8c": "6b2808",
		"105263": "8b2a05",
		"5aa5a5": "b9602f",
		"195a7b": "4d0a00",
		"84c5ce": "e0854c",
		"003a52": "471205",
		"ffefa5": "5fc8ff",
		"bdad73": "35a3ee",
		"dece94": "1b7ccb",
		"6b4200": "21111f",
		"c59c52": "4a3947",
		"9c7329": "3a2637"
	},
	"2": {
		"297b8c": "591106",
		"105263": "380308",
		"5aa5a5": "752519",
		"195a7b": "3c0702",
		"84c5ce": "9d3f1f",
		"003a52": "280008",
		"ffefa5": "50ddaf",
		"bdad73": "3cb897",
		"dece94": "25957d",
		"6b4200": "574463",
		"c59c52": "d4cedf",
		"9c7329": "a898bc"
	}
}