{
    "1": {
        "101010": "101010",
        "2b231c": "342b22",
        "312921": "303120",
        "4a3119": "122119",
        "593b24": "362126",
        "4a4231": "4a4831",
        "6b4a29": "565796",
        "694b2c": "513236",
        "694b2d": "5f3539",
        "714d29": "2d4a3a",
        "3a3a42": "4d150f",
        "6b6b73": "802d1f",
        "946b31": "4d6650",
        "966d34": "983525",
        "ad8c29": "8580c4",
        "9c845a": "9e655c",
        "9c845c": "9e655e",
        "9c855d": "9e655cx",
        "bda57b": "bd8c7b",
        "ffc54a": "c0b5eb",
        "9ca5a5": "a34933",
        "f7d69c": "f38d5d",
        "fff7ce": "fed292"
    },
    "2": {
        "101010": "101010",
        "2b231c": "443520",
        "312921": "962430",
        "4a3119": "855168",
        "593b24": "905932",
        "4a4231": "cc4545",
        "6b4a29": "678db8",
        "694b2c": "907532",
        "694b2d": "907d32",
        "714d29": "c17c95",
        "3a3a42": "7f5310",
        "6b6b73": "d49612",
        "946b31": "e4b3b3",
        "966d34": "92bcd4",
        "ad8c29": "ca8928",
        "9c845a": "beab6c",
        "9c845c": "d2c084",
        "9c855d": "db9a39",
        "bda57b": "efeac2",
        "ffc54a": "c2e5f0",
        "9ca5a5": "e9ca5a",
        "f7d69c": "f5cc51",
        "fff7ce": "fff1be"
    }
}