{
	"1": {
		"8c7329": "b35a3e",
		"949cad": "a6cfe0",
		"3b3b4a": "39444c",
		"103a52": "121836",
		"ffe600": "db966b",
		"73737b": "6394b0",
		"373746": "121836",
		"bde6ff": "3c5878",
		"424252": "3d6285",
		"696973": "606a73",
		"ceb500": "a55c39",
		"cecece": "bec9ce",
		"def7ff": "577c96",
		"6d737b": "a55c39",
		"6b8494": "1a2647",
		"ffffff": "edfcff",
		"a5b5ce": "293c5e"
	},
	"2": {
		"8c7329": "166a2d",
		"949cad": "c23232",
		"3b3b4a": "4a3b3b",
		"103a52": "7b2d25",
		"ffe600": "6ae649",
		"73737b": "982222",
		"373746": "7b2d25",
		"bde6ff": "e6b45b",
		"424252": "550f0f",
		"696973": "736969",
		"ceb500": "2aac2b",
		"def7ff": "f7ec88",
		"6d737b": "2aac2b",
		"6b8494": "974626",
		"a5b5ce": "be6e34"
	}
}