{
	"1": {
		"314a8c": "c3382a",
		"843a29": "c2912f",
		"63bdff": "f69284",
		"ff9421": "d84a9a",
		"4a6bce": "ef4635",
		"de4a31": "fdbb3e",
		"193163": "922517",
		"3ab53a": "993f88",
		"21848c": "be4848"
	},
	"2": {
		"314a8c": "3b3160",
		"843a29": "81304a",
		"63bdff": "e4d7ff",
		"4a5252": "64537b",
		"ff9421": "d89cc6",
		"4a6bce": "524881",
		"de4a31": "de5d83",
		"193163": "2a1f49",
		"3ab53a": "8571a4",
		"21848c": "b89edb",
		"b5ad73": "b573a8",
		"fff7ad": "d89cc6",
		"635a29": "6a4863"
	}
}