{
	"textures": [
		{
			"image": "670-red_3.png",
			"format": "RGBA8888",
			"size": {
				"w": 59,
				"h": 59
			},
			"scale": 1,
			"frames": [
				{
					"filename": "0001.png",
					"rotated": false,
					"trimmed": false,
					"sourceSize": {
						"w": 39,
						"h": 59
					},
					"spriteSourceSize": {
						"x": 0,
						"y": 0,
						"w": 39,
						"h": 59
					},
					"frame": {
						"x": 0,
						"y": 0,
						"w": 39,
						"h": 59
					}
				}
			]
		}
	],
	"meta": {
		"app": "https://www.codeandweb.com/texturepacker",
		"version": "3.0",
		"smartupdate": "$TexturePacker:SmartUpdate:89019971585f16a2d7ca1661aa22d93d:2d2ac09e2cc549d585a5a5967dc6c8ed:bad05b37c157676604256a043511a6a2$"
	}
}