{
	"textures": [
		{
			"image": "670-orange_2.png",
			"format": "RGBA8888",
			"size": {
				"w": 59,
				"h": 59
			},
			"scale": 1,
			"frames": [
				{
					"filename": "0001.png",
					"rotated": false,
					"trimmed": false,
					"sourceSize": {
						"w": 39,
						"h": 59
					},
					"spriteSourceSize": {
						"x": 0,
						"y": 0,
						"w": 39,
						"h": 59
					},
					"frame": {
						"x": 0,
						"y": 0,
						"w": 39,
						"h": 59
					}
				}
			]
		}
	],
	"meta": {
		"app": "https://www.codeandweb.com/texturepacker",
		"version": "3.0",
		"smartupdate": "$TexturePacker:SmartUpdate:1bdc88748225dcdacdae9e10a858b7aa:e371409ad2d55f213cbd49c0065fe702:a4ae1870548474db9c466580d9a207bb$"
	}
}