{
	"1": {
		"729ac2": "d97389",
		"bff4ff": "ffbfda",
		"85d7f2": "f29eb3",
		"6b5442": "732334",
		"335980": "994255",
		"fbffff": "ffebf2",
		"492d25": "101010",
		"553e33": "4c131f",
		"927863": "994255",
		"737373": "7a993d",
		"bfbfbf": "9dcc3e",
		"e8e8e8": "cfe68a",
		"944620": "101010",
		"f1b44b": "9dcc3e"
	},
	"2": {
		"729ac2": "cc7b1e",
		"bff4ff": "fcc95c",
		"85d7f2": "e69e2b",
		"6b5442": "2c7a75",
		"335980": "824628",
		"fbffff": "fff2ad",
		"492d25": "00403d",
		"553e33": "006761",
		"927863": "5ba6a1",
		"737373": "641531",
		"bfbfbf": "993554",
		"e8e8e8": "bf576b",
		"944620": "cc7b1e",
		"f1b44b": "8dd9d4"
	}
}