{
	"1": {
		"594d46": "788087",
		"aa3e2b": "423839",
		"b8bcaf": "5e0f16",
		"f1f2ee": "8a1d1d",
		"376277": "4f8fe3",
		"645e55": "2b040f",
		"d95b37": "aa9999",
		"e68a4d": "eddddd",
		"453434": "313439",
		"816e64": "a6afb3"
	},
	"2": {
		"594d46": "bd9462",
		"aa3e2b": "642c0a",
		"b8bcaf": "319c6a",
		"f1f2ee": "6abd81",
		"376277": "c56e34",
		"fe3c31": "b37e47",
		"645e55": "1b684b",
		"d95b37": "935927",
		"e68a4d": "b37e47",
		"453434": "6c4b2d",
		"a83c31": "642c0a",
		"816e64": "eed59c"
	}
}