{
	"1": {
		"594d46": "788087",
		"30552b": "423839",
		"b8bcaf": "5e0f16",
		"f1f2ee": "8a1d1d",
		"376277": "4f8fe3",
		"9c9f94": "42090e",
		"4b4b46": "2b040f",
		"508a3c": "aa9999",
		"816e64": "a6afb3",
		"6eb92b": "eddddd",
		"453434": "313439"
	},
	"2": {
		"594d46": "9c7aca",
		"30552b": "6a102e",
		"b8bcaf": "ce9ede",
		"f1f2ee": "e6c3f8",
		"376277": "314173",
		"fe3c31": "8362b4",
		"9c9f94": "ad76bc",
		"4b4b46": "6b3f77",
		"508a3c": "ac254b",
		"a83c31": "473085",
		"816e64": "ae95dc",
		"6eb92b": "e44a62",
		"453434": "593173"
	}
}