{
	"1": {
		"594d46": "788087",
		"376277": "4f8fe3",
		"645e55": "2b040f",
		"b8bcaf": "5e0f16",
		"3e8ebf": "2a2a2f",
		"f1f2ee": "8a1d1d",
		"453434": "313439",
		"3a5078": "19181f",
		"816e64": "a6afb3",
		"7dc2e8": "48474c"
	},
	"2": {
		"594d46": "d7bc4d",
		"376277": "647bb1",
		"fe3c31": "b5e0f3",
		"645e55": "848e75",
		"a83c31": "6192aa",
		"b8bcaf": "d6dec2",
		"3e8ebf": "ac802f",
		"f1f2ee": "fcfef5",
		"453434": "836329",
		"3a5078": "613d11",
		"816e64": "f7e784",
		"7dc2e8": "cdac4a"
	}
}