{
	"1": {
		"54434c": "4c3216",
		"fafafa": "dfdea7",
		"964b1c": "5e0b0b",
		"f19d5a": "b52424",
		"bf7545": "971c1c",
		"cccccc": "cbbe8c",
		"50131e": "0b241e",
		"963e4e": "285234",
		"722533": "153626",
		"32252c": "401f18",
		"c9c9c9": "cfc28f",
		"f7f7f7": "e0dfa8",
		"9f9d98": "ad8c63",
		"2f2329": "3e1e17",
		"584650": "4a3115"
	},
	"2": {
		"54434c": "170c25",
		"fafafa": "4b2e64",
		"964b1c": "9d5390",
		"f19d5a": "f3daf5",
		"bf7545": "cd7aca",
		"cccccc": "33214f",
		"50131e": "52352f",
		"963e4e": "ab9b97",
		"722533": "83726e",
		"32252c": "0d0124",
		"c9c9c9": "ce7ecc",
		"f7f7f7": "f4dbf6",
		"9f9d98": "26173b",
		"2f2329": "c979c7",
		"584650": "eed5f0"
	}
}