{
	"textures": [
		{
			"image": "697_3.png",
			"format": "RGBA8888",
			"size": {
				"w": 92,
				"h": 92
			},
			"scale": 1,
			"frames": [
				{
					"filename": "0001.png",
					"rotated": false,
					"trimmed": false,
					"sourceSize": {
						"w": 92,
						"h": 79
					},
					"spriteSourceSize": {
						"x": 0,
						"y": 0,
						"w": 92,
						"h": 79
					},
					"frame": {
						"x": 0,
						"y": 0,
						"w": 92,
						"h": 79
					}
				}
			]
		}
	],
	"meta": {
		"app": "https://www.codeandweb.com/texturepacker",
		"version": "3.0",
		"smartupdate": "$TexturePacker:SmartUpdate:d56e5b75649adeb963f1a9b6c57a5246:a5b57333d26b5e796e5caae2e52bb837:f4fdd87d2fc1483d8e0a185c2654e3d9$"
	}
}