{
	"1": {
		"634a31": "4f0537",
		"a57b31": "781649",
		"000000": "320819",
		"085a31": "b6483e",
		"3a9c52": "d36a52",
		"9cde84": "f3a978",
		"ffe66b": "f1968a",
		"d6c552": "ca4f59",
		"6bc552": "e59266",
		"fff7ad": "f9bfa6",
		"b5424a": "5b284a",
		"ef9cad": "aa6172",
		"7b2929": "3d1138",
		"ce6b84": "7e4460"
	},
	"2": {
		"634a31": "212b6c",
		"a57b31": "324884",
		"000000": "070123",
		"085a31": "8296a7",
		"3a9c52": "94b0c1",
		"9cde84": "cae0e7",
		"ffe66b": "80c5d3",
		"d6c552": "6aa6cd",
		"6bc552": "b0ccd7",
		"fff7ad": "bae7eb",
		"b5424a": "18286f",
		"ef9cad": "4874b4",
		"7b2929": "0f1653",
		"ce6b84": "314e94"
	}
}