{
	"1": {
		"6994bf": "e67c37",
		"474759": "292638",
		"8cc6ff": "ffa633",
		"2e5073": "c35b2a",
		"8f8fb3": "4d496b",
		"adadd9": "68638e",
		"666680": "37344e",
		"21abd9": "ff9b44",
		"595959": "e6ac60",
		"f2f2f2": "ffeed6",
		"bfbfbf": "ffd3a1"
	},
	"2": {
		"6994bf": "e25493",
		"474759": "976ba9",
		"f8f8f8": "ffe2ee",
		"8cc6ff": "f591bd",
		"2e5073": "a03c69",
		"8f8fb3": "e4cdf9",
		"adadd9": "faecff",
		"666680": "cca1db",
		"21abd9": "de5f8e",
		"595959": "5a3d84",
		"f2f2f2": "a473bf",
		"bfbfbf": "8359a7"
	}
}