{
	"textures": [
		{
			"image": "715_2.png",
			"format": "RGBA8888",
			"size": {
				"w": 96,
				"h": 96
			},
			"scale": 1,
			"frames": [
				{
					"filename": "0001.png",
					"rotated": false,
					"trimmed": false,
					"sourceSize": {
						"w": 96,
						"h": 75
					},
					"spriteSourceSize": {
						"x": 0,
						"y": 0,
						"w": 96,
						"h": 75
					},
					"frame": {
						"x": 0,
						"y": 0,
						"w": 96,
						"h": 75
					}
				}
			]
		}
	],
	"meta": {
		"app": "https://www.codeandweb.com/texturepacker",
		"version": "3.0",
		"smartupdate": "$TexturePacker:SmartUpdate:3bb486b64196d73c4d9f7570614ae10a:a4f43852f5af0083d9bac597ed0e7ecd:841f980d18c20b074424f9a78ed463fb$"
	}
}