{
	"1": {
		"f8f8f8": "fff6e2",
		"bfbfbf": "c2beb4",
		"476d72": "be665d",
		"8dafaf": "ff989e",
		"326187": "006b65",
		"2d8ec4": "009a88",
		"bad8d8": "ffbd98",
		"1eb9ee": "0ccfa2",
		"733f50": "bb402f",
		"e57ea1": "ff9384",
		"b3627d": "fb6051"
	},
	"2": {
		"f8f8f8": "f5edee",
		"bfbfbf": "bfb4b9",
		"476d72": "793f5e",
		"8dafaf": "b681a6",
		"326187": "5a141b",
		"2d8ec4": "952c3f",
		"bad8d8": "deabce",
		"1eb9ee": "c6496f",
		"733f50": "620a33",
		"e57ea1": "dd3780",
		"b3627d": "a7225c"
	}
}