{
	"textures": [
		{
			"image": "743_3.png",
			"format": "RGBA8888",
			"size": {
				"w": 51,
				"h": 51
			},
			"scale": 1,
			"frames": [
				{
					"filename": "0001.png",
					"rotated": false,
					"trimmed": false,
					"sourceSize": {
						"w": 45,
						"h": 51
					},
					"spriteSourceSize": {
						"x": 0,
						"y": 0,
						"w": 45,
						"h": 51
					},
					"frame": {
						"x": 0,
						"y": 0,
						"w": 45,
						"h": 51
					}
				}
			]
		}
	],
	"meta": {
		"app": "https://www.codeandweb.com/texturepacker",
		"version": "3.0",
		"smartupdate": "$TexturePacker:SmartUpdate:a19f9e60c810185ff764fe26317ba667:1e84a64270b27d1f722a003f47736a8e:c8a06588e3ef3c7c5201d3917470f092$"
	}
}