{
	"1": {
		"426b84": "7c3b51",
		"b7d7e6": "ffc8d1",
		"81afc9": "d187a0",
		"69670e": "3a112f",
		"9bad34": "4e1f42",
		"cedf42": "673252",
		"30455a": "4c152c",
		"4d6d87": "ae504b",
		"675a4d": "395677",
		"8b7969": "5ea3b8",
		"598aae": "a35884",
		"87c9d8": "f3bd8a",
		"3b546c": "812b3e"
	},
	"2": {
		"426b84": "55506a",
		"b7d7e6": "dce7ee",
		"81afc9": "a7a2bc",
		"fdfdfd": "f3fbff",
		"69670e": "263756",
		"9bad34": "4980ac",
		"cedf42": "72add9",
		"30455a": "834723",
		"4d6d87": "f5cf52",
		"675a4d": "75291a",
		"8b7969": "bc521d",
		"598aae": "836671",
		"87c9d8": "3b5373",
		"3b546c": "d49435"
	}
}