{
	"1": {
		"565969": "30365c",
		"7a2656": "812c6e",
		"aba7bc": "493d55",
		"f3a1b8": "ffccc3",
		"ea6aa5": "c14e82",
		"251845": "753c32",
		"125d4b": "ce7f3f",
		"c1448c": "b3388f",
		"bcbbc5": "788fb5",
		"79615e": "504a75",
		"0073bf": "7a4949",
		"1d1845": "2e191f",
		"3f3b50": "1e172a",
		"9618e0": "dc9c4d",
		"ea6aa4": "ec81b2",
		"5399df": "b59489",
		"483c39": "3a2d53",
		"1e9378": "f8ce64",
		"e3e6ec": "bdd1e5",
		"e64f5e": "f1944a"
	},
	"2": {
		"565969": "0f0f1b",
		"7a2656": "6a3851",
		"aba7bc": "dbd8e8",
		"f3a1b8": "ed77a7",
		"ea6aa5": "ea6aa4",
		"251845": "425735",
		"125d4b": "9f3351",
		"c1448c": "91d4b0",
		"bcbbc5": "242433",
		"79615e": "d6d4d4",
		"0073bf": "6a6c75",
		"1d1845": "41434e",
		"9618e0": "ade265",
		"ea6aa4": "e7eef2",
		"5399df": "92949e",
		"483c39": "778894",
		"1e9378": "ea6aa4",
		"e3e6ec": "444455",
		"e64f5e": "98ce58"
	}
}