{
	"1": {
		"91510b": "7a80ab",
		"efe85a": "edf4ff",
		"ab1605": "b51140",
		"52525a": "4c0200",
		"ee7318": "f14f77",
		"d29e31": "bdc5de",
		"fbf7ee": "ffbe60",
		"c2c7c6": "da6e40",
		"313139": "7c0004",
		"5c5c65": "b72011",
		"868e8d": "a5381c",
		"0900a8": "810300",
		"5aacec": "677dff"
	},
	"2": {
		"91510b": "5b021d",
		"efe85a": "ae1a3d",
		"ab1605": "d36d00",
		"52525a": "062139",
		"ee7318": "ffcd6e",
		"d29e31": "890425",
		"fbf7ee": "584193",
		"c2c7c6": "322e6c",
		"313139": "03123e",
		"5c5c65": "0b2b57",
		"868e8d": "0b1f45",
		"0900a8": "1a224a",
		"5aacec": "d51d3c"
	}
}