{
	"1": {
		"b55565": "3f2729",
		"e66a7b": "5b3332",
		"ff9494": "885345",
		"ffbdac": "ad7459",
		"835a20": "9f675f",
		"cda462": "b97565",
		"ffeeb4": "e0b69d",
		"eed583": "d49983",
		"52525a": "7c5b40",
		"b4bdbd": "f0d090",
		"8b9494": "bf9562"
	},
	"2": {
		"b55565": "c08746",
		"e66a7b": "de9048",
		"ff9494": "eebd6a",
		"ffbdac": "ffea9a",
		"835a20": "69080f",
		"cda462": "8f2622",
		"ffeeb4": "d16b34",
		"eed583": "b34d2e",
		"52525a": "192b32",
		"b4bdbd": "4c7668",
		"8b9494": "2b4a48"
	}
}