{
	"1": {
		"305fb6": "624427",
		"82c5f7": "e6ded2",
		"6197e9": "afa191",
		"7b807e": "86102d",
		"fefefe": "ffd386",
		"bdf0f4": "eb422a",
		"1b2021": "3a001c",
		"afd2da": "bc1836",
		"768188": "c8245d",
		"424a50": "890425",
		"2b3233": "5f0021",
		"18f013": "69fff0",
		"fd2b2b": "453ef2",
		"ffa6f9": "a266eb"
	},
	"2": {
		"305fb6": "3b0015",
		"82c5f7": "970b22",
		"6197e9": "5b0318",
		"7b807e": "041243",
		"fefefe": "ffd1d1",
		"bdf0f4": "1550a1",
		"1b2021": "240842",
		"afd2da": "1a3186",
		"768188": "f66fdc",
		"424a50": "602483",
		"2b3233": "3e135f",
		"18f013": "ffcb49",
		"fd2b2b": "e73c37",
		"ffa6f9": "ff759c"
	}
}