{
	"1": {
		"3a3131": "612e40",
		"d6d6d6": "ffc4b8",
		"8c8c8c": "c36c77",
		"524a4a": "90495b",
		"b5b5b5": "f99596",
		"ef1900": "e67468",
		"ff8c4a": "ffc4b8",
		"5a8463": "c36c77",
		"2984ad": "8fb9cc",
		"b5d6bd": "ffc4b8",
		"8cb5a5": "f99596",
		"d6f7de": "ffe9e5",
		"52cef7": "cee7f2"
	},
	"2": {
		"3a3131": "401d00",
		"d6d6d6": "f2c76c",
		"ffffff": "fffb93",
		"8c8c8c": "8c500b",
		"524a4a": "662e00",
		"b5b5b5": "b27a20",
		"ef1900": "a65410",
		"ff8c4a": "e6a845",
		"5a8463": "701900",
		"2984ad": "6a9ca0",
		"b5d6bd": "bf7826",
		"8cb5a5": "a65410",
		"d6f7de": "e6a845",
		"52cef7": "a7dcaa"
	}
}