{
	"textures": [
		{
			"image": "836_2.png",
			"format": "RGBA8888",
			"size": {
				"w": 70,
				"h": 70
			},
			"scale": 1,
			"frames": [
				{
					"filename": "0001.png",
					"rotated": false,
					"trimmed": false,
					"sourceSize": {
						"w": 56,
						"h": 70
					},
					"spriteSourceSize": {
						"x": 0,
						"y": 0,
						"w": 56,
						"h": 70
					},
					"frame": {
						"x": 0,
						"y": 0,
						"w": 56,
						"h": 70
					}
				}
			]
		}
	],
	"meta": {
		"app": "https://www.codeandweb.com/texturepacker",
		"version": "3.0",
		"smartupdate": "$TexturePacker:SmartUpdate:56f11e397a6ba3515cc1c956e344355f:24a6cf395602dcb5233a4032303bf5a9:bdebe398f847c12bacd3e8b4156e1a9a$"
	}
}