{
    "1": {
        "101010": "101010",
        "772628": "3e6085",
        "2c4828": "291634",
        "427638": "7a7c9e",
        "872d23": "460c4d",
        "8b3329": "2c255d",
        "913c3c": "5b4585",
        "a63139": "70a2c5",
        "8d4229": "272a52",
        "bf6c31": "b668a0",
        "d2394d": "abd7e2",
        "d54456": "751680",
        "c57741": "9c2e72",
        "e84466": "8666ae",
        "39a43d": "9aa0b3",
        "b3ac62": "95aec9",
        "c68a48": "2b526f",
        "e2bb56": "c55885",
        "e9c558": "397880",
        "ffc66a": "eeb4cb",
        "dad08b": "dcebf9",
        "fff1ab": "63b9b9",
        "f9f9f9": "f9f9f9"
    },
    "2": {
        "101010": "101010",
        "772628": "695d57",
        "2c4828": "341c1c",
        "427638": "a54e69",
        "872d23": "2e2246",
        "8b3329": "3a2222",
        "913c3c": "682d2d",
        "a63139": "baada1",
        "8d4229": "9c564c",
        "bf6c31": "354dbf",
        "d2394d": "dcd9d1",
        "d54456": "2e38bf",
        "c57741": "291411",
        "e84466": "915a41",
        "39a43d": "e28c95",
        "b3ac62": "c1a39c",
        "c68a48": "d1a87e",
        "e2bb56": "463731",
        "e9c558": "eee0bc",
        "ffc66a": "589df3",
        "dad08b": "e2dcd6",
        "fff1ab": "fdf3c0",
        "f9f9f9": "f9f9f9"  
    }
}