{
	"0": {
		"5a4221": "1b4e31",
		"ce9c52": "65bf75",
		"a57b5a": "3a8951",
		"635a42": "7a614c",
		"efdead": "ece4ce",
		"b5a57b": "bba689",
		"b54242": "1e2b61",
		"efc573": "a5e6a0",
		"ffd6e6": "accaf0",
		"f784a5": "3a5797"
	},
	"1": {
		"424242": "3a2050",
		"848484": "6b4685",
		"5a4221": "48123f",
		"ce9c52": "9f4079",
		"a57b5a": "6f265a",
		"635a42": "84333c",
		"efdead": "efbcad",
		"b5a57b": "c46e6e",
		"b54242": "372d68",
		"efc573": "c35d88",
		"ffd6e6": "cbadec",
		"f784a5": "8163b5"
	},
	"2": {
		"424242": "553246",
		"848484": "8f6174",
		"5a4221": "1b2c59",
		"ce9c52": "95bedc",
		"a57b5a": "618bbc",
		"635a42": "1d1636",
		"efdead": "584c6b",
		"b5a57b": "43385c",
		"b54242": "612253",
		"efc573": "abd1e7",
		"ffd6e6": "e1a272",
		"f784a5": "91425d"
	}
}