{
	"1": {
		"2e2641": "2c1419",
		"7d7493": "5a3736",
		"564c6c": "4a282a",
		"2f2642": "2c1419",
		"6c64a6": "b72e3e",
		"d872e7": "79e28d",
		"ccb7c2": "c4a691",
		"fefefe": "e8d4bf",
		"92605f": "14742d",
		"4d447e": "8c1932",
		"733737": "043e1f",
		"826882": "826458",
		"3d3055": "64102c"
	},
	"2": {
		"2e2641": "853861",
		"7d7493": "ecb2c5",
		"564c6c": "d58da4",
		"2f2642": "444a8e",
		"6c64a6": "78aae5",
		"d872e7": "ff9cca",
		"ccb7c2": "cbdbe6",
		"fefefe": "f0f2f3",
		"92605f": "c53f8d",
		"4d447e": "5c7bc5",
		"733737": "8c174c",
		"826882": "6f8ba1",
		"3d3055": "4c5db1"
	}
}