{
	"textures": [
		{
			"image": "909_3.png",
			"format": "RGBA8888",
			"size": {
				"w": 49,
				"h": 49
			},
			"scale": 0.5,
			"frames": [
				{
					"filename": "0001.png",
					"rotated": false,
					"trimmed": false,
					"sourceSize": {
						"w": 96,
						"h": 96
					},
					"spriteSourceSize": {
						"x": 28,
						"y": 23,
						"w": 40,
						"h": 49
					},
					"frame": {
						"x": 0,
						"y": 0,
						"w": 40,
						"h": 49
					}
				}
			]
		}
	],
	"meta": {
		"app": "https://www.codeandweb.com/texturepacker",
		"version": "3.0",
		"smartupdate": "$TexturePacker:SmartUpdate:b3fc678c0aaf79fa544b7b408e54d925:0585d44b77554adb9691fdf3b23ae47a:2e0cb35d18659bc36d385c573caa052e$"
	}
}