{
	"0": {
		"565765": "444561",
		"f9f9f9": "cddef1",
		"393a44": "344854",
		"b8b9c0": "9c89d2",
		"888b97": "5a6e8f",
		"567d9a": "755382",
		"b8ccde": "a3a6ef",
		"8ea9c6": "7575af"
	},
	"1": {
		"565765": "543131",
		"f9f9f9": "b39090",
		"393a44": "3f0f0f",
		"b8b9c0": "785e5e",
		"888b97": "6e4343",
		"567d9a": "a15d55",
		"b8ccde": "eaafb2",
		"8ea9c6": "cb898b"
	},
	"2": {
		"565765": "252526",
		"f9f9f9": "757373",
		"393a44": "27272e",
		"b8b9c0": "4b4b4d",
		"888b97": "3c3c3d",
		"567d9a": "471910",
		"b8ccde": "7a5b5d",
		"8ea9c6": "5e3e4c"
	}
}