{
	"textures": [
		{
			"image": "936_3.png",
			"format": "RGBA8888",
			"size": {
				"w": 78,
				"h": 78
			},
			"scale": 0.5,
			"frames": [
				{
					"filename": "0001.png",
					"rotated": false,
					"trimmed": false,
					"sourceSize": {
						"w": 96,
						"h": 96
					},
					"spriteSourceSize": {
						"x": 25,
						"y": 9,
						"w": 47,
						"h": 78
					},
					"frame": {
						"x": 0,
						"y": 0,
						"w": 47,
						"h": 78
					}
				}
			]
		}
	],
	"meta": {
		"app": "https://www.codeandweb.com/texturepacker",
		"version": "3.0",
		"smartupdate": "$TexturePacker:SmartUpdate:c2304ba0df7a792271c26b29b20c75a6:9ad73d68525788c8536fb741a133e6b8:1a0490303f9626f92e787c567cd10feb$"
	}
}