{
	"textures": [
		{
			"image": "937_2.png",
			"format": "RGBA8888",
			"size": {
				"w": 80,
				"h": 80
			},
			"scale": 0.5,
			"frames": [
				{
					"filename": "0001.png",
					"rotated": false,
					"trimmed": false,
					"sourceSize": {
						"w": 96,
						"h": 96
					},
					"spriteSourceSize": {
						"x": 12,
						"y": 8,
						"w": 73,
						"h": 80
					},
					"frame": {
						"x": 0,
						"y": 0,
						"w": 73,
						"h": 80
					}
				}
			]
		}
	],
	"meta": {
		"app": "https://www.codeandweb.com/texturepacker",
		"version": "3.0",
		"smartupdate": "$TexturePacker:SmartUpdate:48f256cb22bd4cd2fd5fb4ccc216c86e:106502df6734651905652ac176ecb067:1d4b4f8d62307c37457ba974879b47d0$"
	}
}