{
	"0": {
		"5a4a9c": "9e85a6",
		"4a294a": "634b63",
		"b58cbd": "ebdbf7",
		"9473b5": "cbb7da",
		"7b63a5": "d1bcd6",
		"ff5a5a": "2963d6",
		"ff9494": "5a94ff",
		"fff7ff": "ffffff",
		"ded6de": "dedede"
	},
	"1": {
		"5a4a9c": "4a1f36",
		"4a294a": "1b0917",
		"b58cbd": "c56f8a",
		"9473b5": "8d3e61",
		"7b63a5": "6f284a",
		"ff5a5a": "e79c39",
		"ff9494": "ffd96b",
		"bdadbd": "5ed244",
		"fff7ff": "e4f67c",
		"6b637b": "2eb063",
		"ded6de": "7ee75c"
	},
	"2": {
		"5a4a9c": "302433",
		"4a294a": "1a1320",
		"b58cbd": "7b6888",
		"9473b5": "3f324a",
		"7b63a5": "3b2b3e",
		"ff5a5a": "a9223d",
		"ff9494": "f4855d",
		"bdadbd": "e47750",
		"fff7ff": "fae277",
		"6b637b": "b72b47",
		"ded6de": "d06843"
	}
}