{
	"1": {
		"403f4f": "357747",
		"1f2635": "1c193d",
		"dcdcc3": "5ddcb2",
		"282434": "14463f",
		"ebe4e2": "ade273",
		"a491a4": "499833",
		"e6e2e1": "fffbf3",
		"671544": "0f4e67",
		"584698": "18153d",
		"134175": "a74d2a",
		"4f483f": "1b727b",
		"323d4a": "2e2452",
		"000000": "ffffff",
		"8ac2a2": "1a355d",
		"d73875": "29ad89",
		"e0ebf1": "7ddfee",
		"2481b0": "d09139",
		"4b616b": "473869",
		"38bdda": "ffe269",
		"695575": "16613d",
		"aca699": "2db3a4",
		"8d2151": "157375",
		"cedaaa": "2f5b7b"
	},
	"2": {
		"403f4f": "3b6b9e",
		"1f2635": "3b091c",
		"dcdcc3": "edf0f1",
		"282434": "2d427e",
		"ebe4e2": "c23f4f",
		"a491a4": "902a4b",
		"e6e2e1": "ebf4f9",
		"671544": "223969",
		"584698": "1f1e43",
		"134175": "1c182f",
		"4f483f": "5d7487",
		"323d4a": "580f1d",
		"000000": "ffffff",
		"a599a8": "bf888f",
		"8ac2a2": "8397c4",
		"7c6a84": "965b6f",
		"d73875": "68adca",
		"2481b0": "2c2c46",
		"4b616b": "8a2029",
		"38bdda": "494e64",
		"695575": "4f133f",
		"aca699": "acbfc7",
		"8d2151": "4676aa",
		"cedaaa": "bad4e8"
	}
}