{
	"1": {
		"294e25": "55321d",
		"51c444": "facf81",
		"3f8147": "d38c43",
		"641e1c": "8c2f0a",
		"a23424": "bb5a2b",
		"ef5131": "f8975d",
		"69ab7b": "be8a84",
		"cdcdcd": "ffd2cc",
		"42804b": "9d6b5b",
		"dd5800": "ffb676",
		"fffff7": "ffd2cc",
		"eff3e6": "ffd2cc",
		"476b51": "704f4f",
		"262826": "32131a",
		"3c5042": "4c292f"
	},
	"2": {
		"294e25": "3f3399",
		"51c444": "90c3ea",
		"3f8147": "627bcd",
		"641e1c": "8c1f39",
		"a23424": "cb486d",
		"ef5131": "f77baf",
		"69ab7b": "c4a4eb",
		"cdcdcd": "f8f3fe",
		"42804b": "9884d3",
		"dd5800": "f597cf",
		"476b51": "f8f3fe",
		"262826": "9986b3",
		"3c5042": "cfbfe6"
	}
}