{
	"0": {
		"342930": "3e1d26",
		"4a3942": "60354a",
		"665b60": "924f57",
		"b9aaaf": "dd9f9d",
		"efe3e1": "f6cbc4",
		"937d85": "b1686b",
		"501d25": "1f3078",
		"4d4a4b": "982b39",
		"993e49": "4473d2",
		"e64c62": "4592c0",
		"fffbff": "fceff1",
		"a7aba7": "ddcac6",
		"7b827b": "998482"
	},
	"1": {
		"342930": "1e382a",
		"4a3942": "395740",
		"665b60": "404b22",
		"b9aaaf": "c6ca8e",
		"efe3e1": "e8e8c0",
		"937d85": "6b7e50",
		"501d25": "3e1e1d",
		"4d4a4b": "aa2233",
		"993e49": "79433f",
		"e64c62": "b37e6f",
		"fffbff": "edf8e6",
		"a7aba7": "98a798",
		"7b827b": "6a856a"
	},
	"2": {
		"342930": "754156",
		"4a3942": "a5777f",
		"665b60": "211f45",
		"b9aaaf": "453863",
		"efe3e1": "67548a",
		"937d85": "2f2655",
		"501d25": "545151",
		"4d4a4b": "c84800",
		"993e49": "797877",
		"e64c62": "aba7a8",
		"fffbff": "f7e5d0",
		"a7aba7": "ddac84",
		"7b827b": "a96c4b"
	}
}