{
	"textures": [
		{
			"image": "968_2.png",
			"format": "RGBA8888",
			"size": {
				"w": 65,
				"h": 65
			},
			"scale": 0.5,
			"frames": [
				{
					"filename": "0001.png",
					"rotated": false,
					"trimmed": false,
					"sourceSize": {
						"w": 96,
						"h": 96
					},
					"spriteSourceSize": {
						"x": 16,
						"y": 25,
						"w": 65,
						"h": 45
					},
					"frame": {
						"x": 0,
						"y": 0,
						"w": 65,
						"h": 45
					}
				}
			]
		}
	],
	"meta": {
		"app": "https://www.codeandweb.com/texturepacker",
		"version": "3.0",
		"smartupdate": "$TexturePacker:SmartUpdate:1575524a75f089f94395a342f81d45f4:0105c0d2120f560116adf0c95bf4364a:0a4e1115d2108d4376fa446e83ec1675$"
	}
}