{
	"textures": [
		{
			"image": "973_2.png",
			"format": "RGBA8888",
			"size": {
				"w": 75,
				"h": 75
			},
			"scale": 0.5,
			"frames": [
				{
					"filename": "0001.png",
					"rotated": false,
					"trimmed": false,
					"sourceSize": {
						"w": 96,
						"h": 96
					},
					"spriteSourceSize": {
						"x": 31,
						"y": 10,
						"w": 34,
						"h": 75
					},
					"frame": {
						"x": 0,
						"y": 0,
						"w": 34,
						"h": 75
					}
				}
			]
		}
	],
	"meta": {
		"app": "https://www.codeandweb.com/texturepacker",
		"version": "3.0",
		"smartupdate": "$TexturePacker:SmartUpdate:d342b803d73821d411f8988513e0d121:5fb42ccf70a7b8a4da70f89012187d63:472dc53f35b95906d428729ab78e115f$"
	}
}