{
	"1": {
		"736875": "8c2727",
		"bebaba": "ee9065",
		"524951": "661427",
		"efefef": "ffcc9e",
		"a29793": "c85442",
		"a44667": "2c7193",
		"c7639c": "48aeba",
		"f493c9": "71e2d3",
		"832041": "6a193e",
		"cd394a": "ac5070",
		"dc7569": "e37c8e"
	},
	"2": {
		"736875": "1f355e",
		"bebaba": "2a607f",
		"524951": "172651",
		"efefef": "438aa0",
		"a29793": "1c426b",
		"a44667": "ae664a",
		"c7639c": "daa470",
		"f493c9": "ffdfa1",
		"832041": "433363",
		"cd394a": "775b8c",
		"dc7569": "a87fae"
	}
}