{
	"textures": [
		{
			"image": "975_3.png",
			"format": "RGBA8888",
			"size": {
				"w": 77,
				"h": 77
			},
			"scale": 0.5,
			"frames": [
				{
					"filename": "0001.png",
					"rotated": false,
					"trimmed": false,
					"sourceSize": {
						"w": 96,
						"h": 96
					},
					"spriteSourceSize": {
						"x": 10,
						"y": 20,
						"w": 77,
						"h": 55
					},
					"frame": {
						"x": 0,
						"y": 0,
						"w": 77,
						"h": 55
					}
				}
			]
		}
	],
	"meta": {
		"app": "https://www.codeandweb.com/texturepacker",
		"version": "3.0",
		"smartupdate": "$TexturePacker:SmartUpdate:cf48041a2943e9c72f52031ff2440235:dc1a6743e45041d4e85ed8e4a39da388:b92d59e06cdcb96dde84f81fc0eff4a2$"
	}
}