{
	"textures": [
		{
			"image": "979_2.png",
			"format": "RGBA8888",
			"size": {
				"w": 73,
				"h": 73
			},
			"scale": 1,
			"frames": [
				{
					"filename": "0001.png",
					"rotated": false,
					"trimmed": false,
					"sourceSize": {
						"w": 70,
						"h": 73
					},
					"spriteSourceSize": {
						"x": 0,
						"y": 0,
						"w": 70,
						"h": 73
					},
					"frame": {
						"x": 0,
						"y": 0,
						"w": 70,
						"h": 73
					}
				}
			]
		}
	],
	"meta": {
		"app": "https://www.codeandweb.com/texturepacker",
		"version": "3.0",
		"smartupdate": "$TexturePacker:SmartUpdate:51f3ace36cdb5b2eb6da0754ceb9e752:78d3f766440457264fd929a39b9fb4d2:351422d30d3be13e0d9d234ec7c8c043$"
	}
}