{
	"1": {
		"1e6d7d": "2a413f",
		"66c4c4": "748da4",
		"2f959e": "4a6165",
		"735a41": "53575a",
		"f6e67b": "ececec",
		"bd8b20": "757575",
		"debd39": "aeaeae",
		"5a6273": "5d6970",
		"bdcde6": "c1d7e2",
		"d5e6f6": "d8edf3",
		"fff6c5": "fdfdfd",
		"bd7d9c": "bfab7c"
	},
	"2": {
		"1e6d7d": "1d737a",
		"66c4c4": "b5f2ec",
		"2f959e": "38a8a6",
		"735a41": "462a3e",
		"f6e67b": "db4069",
		"bd8b20": "692342",
		"debd39": "a12e55",
		"5a6273": "5c4a4d",
		"bdcde6": "f4ce91",
		"f6ffff": "fdffdc",
		"d5e6f6": "f4ce91",
		"fff6c5": "e97798",
		"bd7d9c": "c8a068"
	}
}