{
	"0": {
		"8a378a": "9b490e",
		"ee93e8": "ffdd67",
		"314a62": "244260",
		"182941": "132443",
		"b36cc1": "d3941a",
		"70bbb4": "5bb6ef",
		"4a83a4": "387fa7",
		"621841": "71370f",
		"de62a4": "ffc668",
		"a4295a": "cc762f",
		"bd9431": "cb79dd",
		"eee662": "ffc7ff"
	},
	"1": {
		"8a378a": "0c8086",
		"ee93e8": "3df7ed",
		"314a62": "7396b4",
		"182941": "2c384d",
		"b36cc1": "1dbdb9",
		"70bbb4": "eefff8",
		"4a83a4": "a1c8db",
		"621841": "7b3c08",
		"de62a4": "ffdf90",
		"a4295a": "e28c27",
		"bd9431": "66d0e5",
		"eee662": "a6f0f8"
	},
	"2": {
		"8a378a": "5d4a2f",
		"ee93e8": "fff7dd",
		"314a62": "b56f2a",
		"182941": "603305",
		"b36cc1": "eece8c",
		"70bbb4": "f8d371",
		"4a83a4": "e6aa47",
		"621841": "5a0a05",
		"de62a4": "e25038",
		"a4295a": "a62a21",
		"bd9431": "66d0e5",
		"eee662": "a6f0f8"
	}
}