{
	"textures": [
		{
			"image": "988_3.png",
			"format": "RGBA8888",
			"size": {
				"w": 71,
				"h": 71
			},
			"scale": 1,
			"frames": [
				{
					"filename": "0001.png",
					"rotated": false,
					"trimmed": false,
					"sourceSize": {
						"w": 62,
						"h": 71
					},
					"spriteSourceSize": {
						"x": 0,
						"y": 0,
						"w": 62,
						"h": 71
					},
					"frame": {
						"x": 0,
						"y": 0,
						"w": 62,
						"h": 71
					}
				}
			]
		}
	],
	"meta": {
		"app": "https://www.codeandweb.com/texturepacker",
		"version": "3.0",
		"smartupdate": "$TexturePacker:SmartUpdate:6ba016033518685f39b1f75981a15f20:634641619104292a1acb5c3b2c06efdb:dc6dd1e5c63f822d42a42cade3436fc3$"
	}
}