{
	"1": {
		"282828": "1c1606",
		"7a787a": "f8f5e2",
		"463741": "754711",
		"4f4d51": "c59b4b",
		"952b7d": "585a5c",
		"ff4dcb": "b7c6d6",
		"4a424a": "533310",
		"fcfcfc": "ffffff",
		"20459b": "3c236a",
		"172e57": "160832",
		"86abf0": "7e5f9c",
		"e9e9e9": "dab1ff",
		"6c82d5": "a58fcd",
		"3a75e6": "543280"
	},
	"2": {
		"282828": "0d1514",
		"7a787a": "a4bfbe",
		"463741": "2a545a",
		"4f4d51": "467678",
		"952b7d": "873954",
		"ff4dcb": "e3bbd3",
		"4a424a": "1e2b37",
		"20459b": "600f40",
		"172e57": "470e2c",
		"86abf0": "ba1e51",
		"e9e9e9": "eabed1",
		"6c82d5": "8a143d",
		"3a75e6": "983b5c"
	}
}