{
	"1": {
		"99c350": "ddcb86",
		"c4de98": "f6eebd",
		"3c571e": "4f4528",
		"4b792d": "7b6a31",
		"78913e": "8d7f54",
		"8caa48": "b6a674",
		"1d9b70": "6a267e",
		"03fd9f": "ca72e4",
		"37bd7a": "9d3eb9",
		"ddeed7": "e9d7ee"
	},
	"2": {
		"99c350": "6b737b",
		"c4de98": "949ca5",
		"3c571e": "26292b",
		"4b792d": "383c40",
		"78913e": "464b51",
		"8caa48": "575e65",
		"1d9b70": "740c18",
		"03fd9f": "d53143",
		"393538": "332e38",
		"37bd7a": "9a1f2c",
		"ddeed7": "f3aebe",
		"252323": "1d1920",
		"504a4a": "48424f"
	}
}