{
    "3-mega": [0, 2, 2],
    "6-mega-x": [0, 2, 2],
    "6-mega-y": [0, 2, 2],
    "80-mega": [0, 1, 1],
    "94-mega": [2, 2, 2],
    "127-mega": [0, 1, 1],
    "130-mega": [0, 1, 1],
    "142-mega": [0, 1, 1],
    "150-mega-x": [0, 1, 1],
    "150-mega-y": [0, 1, 1],
    "181-mega": [0, 1, 2],
    "212-mega": [1, 1, 2],
    "229-mega": [0, 1, 1],
    "248-mega": [0, 1, 1],
    "257-mega": [0, 1, 1],
    "282-mega": [0, 2, 2],
    "302-mega": [0, 1, 1],
    "303-mega": [0, 1, 1],
    "306-mega": [1, 1, 1],
    "308-mega": [0, 1, 1],
    "310-mega": [0, 1, 1],
    "334-mega": [0, 2, 1],
    "354-mega": [0, 1, 1],
    "359-mega": [0, 1, 1],
    "362-mega": [0, 1, 1],
    "373-mega": [0, 1, 1],
    "376-mega": [0, 1, 1],
    "380-mega": [0, 1, 1],
    "381-mega": [0, 1, 1],
    "382-primal": [0, 1, 1],
    "383-primal": [0, 1, 1],
    "384-mega": [0, 2, 1],
    "428-mega": [0, 1, 1],
    "445-mega": [1, 1, 1],
    "448-mega": [1, 1, 1],
    "475-mega": [0, 2, 2],
    "531-mega": [0, 1, 1],
    "653": [0, 1, 1],
    "654": [0, 1, 1],
    "655": [0, 1, 1],
    "656": [0, 1, 1],
    "657": [0, 1, 1],
    "658": [0, 1, 1],
    "658-ash": [0, 1, 1],
    "664": [0, 1, 1],
    "665": [0, 1, 1],
    "666-archipelago": [0, 1, 1],
    "666-continental": [0, 1, 1],
    "666-elegant": [0, 1, 1],
    "666-fancy": [0, 1, 1],
    "666-garden": [0, 1, 1],
    "666-high-plains": [0, 1, 1],
    "666-icy-snow": [0, 1, 1],
    "666-jungle": [0, 1, 1],
    "666-marine": [0, 1, 1],
    "666-meadow": [0, 1, 1],
    "666-modern": [0, 1, 1],
    "666-monsoon": [0, 1, 1],
    "666-ocean": [0, 1, 1],
    "666-poke-ball": [0, 1, 1],
    "666-polar": [0, 1, 1],
    "666-river": [0, 1, 1],
    "666-sandstorm": [0, 1, 1],
    "666-savanna": [0, 1, 1],
    "666-sun": [0, 1, 1],
    "666-tundra": [0, 1, 1],
    "669-red": [0, 2, 2],
    "669-blue": [0, 1, 1],
    "669-white": [0, 1, 1],
    "669-yellow": [0, 1, 1],
    "669-orange": [0, 2, 2],
    "670-white": [0, 1, 1],
    "670-blue": [0, 1, 1],
    "670-orange": [0, 1, 1],
    "670-red": [0, 1, 1],
    "670-yellow": [0, 1, 1],
    "671-red": [0, 1, 2],
    "671-blue": [0, 1, 2],
    "671-yellow": [0, 1, 1],
    "671-white": [0, 1, 2],
    "671-orange": [0, 1, 2],
    "673": [0, 1, 1],
    "676": [0, 1, 1],
    "677": [0, 1, 1],
    "678-female": [0, 1, 1],
    "678": [0, 1, 1],
    "682": [0, 1, 1],
    "683": [0, 1, 1],
    "684": [0, 1, 1],
    "685": [0, 1, 1],
    "688": [0, 1, 1],
    "689": [0, 1, 1],
    "690": [0, 1, 1],
    "691": [0, 1, 1],
    "696": [0, 1, 1],
    "697": [0, 1, 1],
    "699": [0, 1, 1],
    "700": [0, 1, 1],
    "702": [0, 1, 1],
    "704": [0, 1, 1],
    "705": [0, 1, 1],
    "706": [0, 1, 1],
    "709": [0, 1, 1],
    "710": [0, 1, 1],
    "711": [1, 1, 1],
    "712": [0, 1, 1],
    "713": [0, 1, 1],
    "715": [0, 1, 1],
    "716-active": [0, 1, 1],
    "716-neutral": [0, 1, 1],
    "717": [0, 2, 2],
    "720-unbound": [1, 1, 1],
    "720": [1, 1, 1],
    "728": [0, 1, 1],
    "729": [0, 1, 1],
    "730": [0, 1, 1],
    "734": [0, 1, 1],
    "735": [0, 1, 1],
    "742": [0, 2, 2],
    "743": [0, 2, 2],
    "746": [0, 1, 1],
    "746-school": [0, 1, 1],
    "747": [0, 2, 2],
    "748": [0, 1, 1],
    "751": [0, 1, 1],
    "752": [0, 1, 1],
    "755": [0, 1, 1],
    "756": [0, 1, 1],
    "761": [0, 1, 1],
    "762": [0, 1, 1],
    "763": [0, 1, 1],
    "767": [0, 1, 1],
    "768": [0, 1, 1],
    "771": [0, 2, 2],
    "772": [0, 1, 1],
    "773-fighting": [0, 1, 1],
    "773-psychic": [0, 1, 1],
    "773-poison": [0, 1, 1],
    "773-ground": [0, 1, 1],
    "773-ghost": [0, 1, 1],
    "773-steel": [0, 1, 1],
    "773-rock": [0, 1, 1],
    "773-grass": [0, 1, 1],
    "773-dragon": [0, 1, 1],
    "773-bug": [0, 1, 1],
    "773-ice": [0, 1, 1],
    "773-dark": [0, 1, 1],
    "773": [0, 1, 1],
    "773-fairy": [0, 1, 1],
    "773-water": [0, 1, 1],
    "773-electric": [0, 1, 1],
    "773-flying": [0, 1, 1],
    "773-fire": [0, 1, 1],
	"774-red-meteor": [0, 1, 1],
	"774-orange-meteor": [0, 1, 1],
	"774-yellow-meteor": [0, 1, 1],
	"774-green-meteor": [0, 1, 1],
	"774-blue-meteor": [0, 1, 1],
	"774-indigo-meteor": [0, 1, 1],
	"774-violet-meteor": [0, 1, 1],
	"774-red": [0, 1, 1],
	"774-orange": [0, 1, 1],
	"774-yellow": [0, 1, 1],
	"774-green": [0, 1, 1],
	"774-blue": [0, 1, 1],
	"774-indigo": [0, 1, 1],
	"774-violet": [0, 1, 1],
    "776": [0, 1, 1],
    "777": [0, 1, 1],
    "778-busted": [0, 1, 1],
    "778-disguised": [0, 1, 1],
    "779": [0, 1, 1],
    "780": [0, 1, 1],
    "789": [1, 1, 1],
    "790": [0, 1, 1],
    "791": [2, 1, 1],
    "792": [0, 1, 1],
    "793": [0, 2, 2],
    "797": [0, 1, 1],
    "798": [0, 1, 1],
    "800-dawn-wings": [0, 1, 1],
    "800-dusk-mane": [0, 1, 1],
    "800-ultra": [0, 1, 1],
    "800": [0, 1, 1],
    "802": [1, 1, 1],
    "803": [0, 1, 1],
    "804": [0, 1, 1],
    "807": [0, 1, 1],
    "808": [0, 1, 1],
    "809": [0, 1, 1],
    "816": [0, 1, 1],
    "817": [0, 1, 1],
    "818": [1, 1, 1],
    "821": [0, 2, 2],
    "822": [0, 1, 1],
    "823": [0, 1, 1],
    "829": [0, 1, 1],
    "830": [0, 1, 1],
    "835": [0, 1, 1],
    "836": [0, 2, 2],
    "840": [0, 1, 1],
	"841": [0, 1, 1],
	"842": [0, 1, 1],
    "850": [0, 1, 1],
    "851": [0, 1, 1],
    "854": [0, 1, 1],
    "855": [0, 1, 1],
    "856": [0, 1, 1],
    "857": [0, 2, 2],
    "858": [0, 1, 1],
    "859": [0, 1, 1],
    "860": [0, 1, 1],
    "861": [0, 1, 1],
    "862": [0, 1, 1],
    "863": [0, 1, 1],
    "864": [0, 1, 1],
    "867": [0, 1, 1],
    "871": [0, 1, 1],
    "872": [1, 1, 1],
    "873": [1, 1, 1],
    "876-female": [0, 1, 1],
    "876": [0, 1, 1],
    "877-hangry": [1, 1, 1],
    "877": [1, 1, 1],
    "880": [0, 1, 1],
    "881": [0, 1, 1],
    "882": [0, 2, 1],
    "883": [0, 1, 1],
    "884": [0, 1, 1],
    "885": [1, 1, 1],
    "886": [1, 1, 1],
    "887": [1, 1, 1],
    "888": [0, 1, 1],
    "888-crowned": [0, 1, 1],
    "889": [0, 1, 1],
    "889-crowned": [0, 1, 1],
    "890": [0, 2, 1],
    "890-eternamax": [0, 1, 1],
    "891": [1, 1, 1],
    "892-rapid-strike": [1, 1, 1],
    "892": [1, 1, 1],
    "894": [0, 1, 1],
    "895": [0, 1, 1],
    "896": [1, 1, 1],
    "897": [1, 1, 1],
    "898": [1, 1, 1],
    "898-ice": [1, 1, 1],
    "898-shadow": [1, 1, 1],
    "900": [0, 1, 1],
    "901": [0, 1, 1],
    "903": [0, 1, 1],
    "909": [0, 1, 1],
    "910": [0, 2, 2],
    "911": [0, 2, 2],
    "912": [0, 1, 2],
    "913": [0, 1, 2],
    "914": [0, 2, 1],
    "919": [1, 1, 1],
    "920": [1, 1, 1],
    "924": [1, 1, 1],
    "925-four": [1, 2, 2],
    "925-three": [1, 2, 2],
    "932": [0, 2, 2],
    "933": [0, 2, 2],
    "934": [0, 1, 1],
    "940": [0, 1, 1],
    "941": [0, 1, 1],
    "944": [0, 1, 1],
    "945": [0, 1, 1],
    "948": [0, 1, 1],
    "949": [0, 1, 1],
    "951": [0, 1, 1],
    "952": [0, 1, 1],
    "953": [0, 1, 1],
    "954": [0, 1, 1],
    "957": [2, 2, 2],
    "958": [2, 2, 2],
    "959": [2, 2, 2],
    "962": [1, 1, 1],
    "967": [0, 1, 1],
    "968": [0, 1, 1],
    "969": [0, 1, 1],
    "970": [0, 1, 1],
    "973": [1, 1, 1],
    "974": [0, 1, 1],
    "975": [0, 1, 1],
    "978-curly": [0, 2, 2],
    "978-droopy": [0, 2, 2],
    "978-stretchy": [0, 2, 2],
    "979": [2, 2, 2],
    "981": [0, 1, 1],
    "982": [0, 1, 1],
    "982-three-segment": [0, 1, 1],
    "987": [1, 1, 1],
    "988": [0, 1, 2],
    "993": [0, 1, 1],
    "994": [0, 1, 2],
    "995": [0, 1, 1],
    "996": [0, 1, 1],
    "997": [0, 2, 2],
    "998": [0, 2, 2],
    "999": [2, 1, 1],
    "1000": [1, 1, 1],
    "1001": [0, 1, 1],
    "1003": [0, 1, 1],
    "1004": [0, 1, 1],
    "1006": [0, 2, 1],
    "1007-apex-build": [0, 2, 2],
    "1008-ultimate-mode": [1, 1, 1],
    "2026": [0, 1, 1],
    "2027": [0, 1, 1],
    "2028": [0, 1, 1],
    "2037": [0, 1, 1],
    "2038": [0, 1, 1],
    "2052": [0, 1, 1],
    "2053": [0, 1, 0],
    "2103": [0, 1, 1],
    "4052": [0, 1, 1],
    "4077": [0, 1, 1],
    "4078": [0, 1, 1],
    "4079": [0, 1, 1],
    "4080": [2, 1, 1],
    "4144": [0, 1, 1],
    "4145": [0, 1, 1],
    "4146": [0, 1, 1],
    "4199": [2, 1, 1],
    "4222": [0, 1, 1],
    "4263": [0, 1, 1],
    "4264": [0, 1, 1],
    "4562": [0, 1, 1],
    "6100": [0, 1, 1],
    "6101": [0, 1, 1],
    "6215": [0, 1, 1],
    "6503": [0, 1, 1],
    "6549": [0, 1, 1],
    "6570": [0, 1, 1],
    "6571": [0, 1, 1],
    "6705": [0, 1, 1],
    "6706": [0, 1, 1],
    "6713": [0, 1, 1],
    "female": {
        "6215": [0, 1, 1]
    },
    "back": {
        "3-mega": [0, 2, 2],
        "6-mega-x": [0, 2, 2],
        "6-mega-y": [0, 1, 2],
        "80-mega": [0, 1, 1],
        "94-mega": [1, 1, 1],
        "127-mega": [0, 1, 1],
        "130-mega": [0, 1, 1],
        "142-mega": [0, 1, 1],
        "150-mega-x": [0, 1, 1],
        "150-mega-y": [0, 1, 1],
        "181-mega": [0, 1, 2],
        "212-mega": [1, 2, 2],
        "229-mega": [0, 1, 1],
        "248-mega": [0, 1, 1],
        "257-mega": [0, 1, 1],
        "282-mega": [0, 1, 1],
        "302-mega": [0, 1, 1],
        "303-mega": [0, 1, 1],
        "306-mega": [1, 1, 1],
        "308-mega": [0, 1, 1],
        "310-mega": [0, 1, 1],
        "334-mega": [0, 1, 1],
        "354-mega": [0, 1, 1],
        "359-mega": [0, 1, 1],
        "362-mega": [0, 1, 1],
        "373-mega": [0, 1, 1],
        "376-mega": [0, 1, 1],
        "380-mega": [0, 1, 1],
        "381-mega": [0, 1, 1],
        "382-primal": [0, 1, 1],
        "383-primal": [0, 1, 1],
        "384-mega": [0, 1, 1],
        "428-mega": [0, 1, 1],
        "445-mega": [1, 1, 1],
        "448-mega": [1, 1, 1],
        "475-mega": [0, 2, 2],
        "531-mega": [0, 1, 1],
        "653": [0, 1, 1],
        "654": [0, 1, 1],
        "655": [0, 1, 1],
        "656": [0, 1, 1],
        "657": [0, 1, 1],
        "658": [0, 1, 1],
        "658-ash": [0, 1, 1],
        "664": [0, 1, 1],
        "665": [0, 1, 1],
        "666-archipelago": [0, 1, 1],
        "666-continental": [0, 1, 1],
        "666-elegant": [0, 1, 1],
        "666-fancy": [0, 1, 1],
        "666-garden": [0, 1, 1],
        "666-high-plains": [0, 1, 1],
        "666-icy-snow": [0, 1, 1],
        "666-jungle": [0, 1, 1],
        "666-marine": [0, 1, 1],
        "666-meadow": [0, 1, 1],
        "666-modern": [0, 1, 1],
        "666-monsoon": [0, 1, 1],
        "666-ocean": [0, 1, 1],
        "666-poke-ball": [0, 1, 1],
        "666-polar": [0, 1, 1],
        "666-river": [0, 1, 1],
        "666-sandstorm": [0, 1, 1],
        "666-savanna": [0, 1, 1],
        "666-sun": [0, 1, 1],
        "666-tundra": [0, 1, 1],
        "669-red": [0, 2, 2],
        "669-blue": [0, 2, 2],
        "669-white": [0, 2, 2],
        "669-yellow": [0, 2, 2],
        "669-orange": [0, 2, 2],
        "670-white": [0, 1, 1],
        "670-blue": [0, 2, 2],
        "670-orange": [0, 1, 1],
        "670-red": [0, 1, 1],
        "670-yellow": [0, 1, 1],
        "671-red": [0, 1, 1],
        "671-blue": [0, 1, 1],
        "671-yellow": [0, 1, 1],
        "671-white": [0, 1, 1],
        "671-orange": [0, 1, 1],
        "673": [0, 1, 1],
        "676": [0, 1, 1],
        "677": [0, 1, 1],
        "678-female": [0, 1, 1],
        "678": [0, 1, 1],
        "682": [0, 1, 1],
        "683": [0, 1, 1],
        "684": [0, 1, 1],
        "685": [0, 1, 1],
        "688": [0, 1, 1],
        "689": [0, 1, 1],
        "690": [0, 1, 1],
        "691": [0, 1, 1],
        "696": [0, 1, 1],
        "697": [0, 1, 1],
        "699": [0, 2, 2],
        "700": [0, 1, 1],
        "702": [0, 1, 1],
        "704": [0, 1, 1],
        "705": [0, 1, 1],
        "706": [0, 1, 1],
        "709": [0, 1, 1],
        "710": [0, 1, 1],
        "711": [1, 1, 1],
        "712": [0, 1, 1],
        "713": [0, 1, 1],
        "715": [0, 1, 1],
        "716-active": [0, 1, 1],
        "716-neutral": [0, 1, 1],
        "717": [0, 1, 1],
        "720-unbound": [1, 1, 1],
        "720": [1, 1, 1],
        "728": [0, 1, 1],
        "729": [0, 1, 1],
        "730": [0, 1, 1],
        "734": [0, 1, 1],
        "735": [0, 1, 1],
        "742": [0, 2, 2],
        "743": [0, 2, 2],
        "746": [0, 1, 1],
        "746-school": [0, 1, 1],
        "747": [0, 2, 2],
        "748": [0, 1, 1],
        "751": [0, 1, 1],
        "752": [0, 1, 1],
        "755": [0, 1, 1],
        "756": [0, 1, 1],
        "761": [0, 1, 1],
        "762": [0, 1, 1],
        "763": [0, 1, 1],
        "767": [0, 1, 1],
        "768": [0, 1, 1],
        "771": [0, 1, 1],
        "772": [0, 1, 1],
        "773-fighting": [0, 1, 1],
        "773-psychic": [0, 1, 1],
        "773-poison": [0, 1, 1],
        "773-ground": [0, 1, 1],
        "773-ghost": [0, 1, 1],
        "773-steel": [0, 1, 1],
        "773-rock": [0, 1, 1],
        "773-grass": [0, 1, 1],
        "773-dragon": [0, 1, 1],
        "773-bug": [0, 1, 1],
        "773-ice": [0, 1, 1],
        "773-dark": [0, 1, 1],
        "773": [0, 1, 1],
        "773-fairy": [0, 1, 1],
        "773-water": [0, 1, 1],
        "773-electric": [0, 1, 1],
        "773-flying": [0, 1, 1],
        "773-fire": [0, 1, 1],
        "774-red-meteor": [0, 1, 1],
        "774-orange-meteor": [0, 1, 1],
        "774-yellow-meteor": [0, 1, 1],
        "774-green-meteor": [0, 1, 1],
        "774-blue-meteor": [0, 1, 1],
        "774-indigo-meteor": [0, 1, 1],
        "774-violet-meteor": [0, 1, 1],
        "774-red": [0, 1, 1],
        "774-orange": [0, 1, 1],
        "774-yellow": [0, 1, 1],
        "774-green": [0, 1, 1],
        "774-blue": [0, 1, 1],
        "774-indigo": [0, 1, 1],
        "774-violet": [0, 1, 1],
        "776": [0, 2, 2],
        "777": [0, 1, 1],
        "778-busted": [0, 1, 1],
        "778-disguised": [0, 1, 1],
        "779": [0, 1, 1],
        "780": [0, 1, 1],
        "789": [1, 1, 1],
        "790": [0, 1, 1],
        "791": [1, 1, 1],
        "792": [0, 1, 1],
        "793": [0, 1, 1],
        "797": [0, 1, 1],
        "798": [0, 1, 1],
        "800-dawn-wings": [0, 1, 1],
        "800-dusk-mane": [0, 1, 1],
        "800-ultra": [0, 1, 1],
        "800": [0, 1, 1],
        "802": [1, 1, 1],
        "803": [0, 1, 1],
        "804": [0, 1, 1],
        "807": [0, 1, 1],
        "808": [0, 1, 1],
        "809": [0, 1, 1],
        "816": [0, 1, 1],
        "817": [0, 1, 1],
        "818": [0, 1, 1],
        "821": [0, 1, 1],
        "822": [0, 1, 1],
        "823": [0, 1, 1],
        "829": [0, 1, 1],
        "830": [0, 1, 1],
        "835": [0, 1, 1],
        "836": [0, 1, 1],
        "840": [0, 1, 1],
        "841": [0, 1, 1],
        "842": [0, 1, 1],
        "850": [0, 1, 1],
        "851": [0, 1, 1],
        "854": [0, 1, 1],
        "855": [0, 1, 1],
        "856": [0, 1, 1],
        "857": [0, 2, 2],
        "858": [0, 1, 1],
        "859": [0, 1, 1],
        "860": [0, 1, 1],
        "861": [0, 1, 1],
        "862": [0, 1, 1],
        "863": [0, 1, 1],
        "864": [0, 1, 1],
        "867": [0, 1, 1],
        "871": [0, 1, 1],
        "872": [1, 1, 1],
        "873": [1, 1, 1],
        "876-female": [0, 1, 1],
        "876": [0, 1, 1],
        "877-hangry": [1, 1, 1],
        "877": [1, 1, 1],
        "880": [0, 1, 1],
        "881": [0, 1, 1],
        "882": [0, 1, 1],
        "883": [0, 1, 1],
        "884": [0, 1, 1],
        "885": [1, 1, 1],
        "886": [1, 1, 1],
        "887": [1, 1, 1],
        "888": [0, 1, 1],
        "888-crowned": [0, 1, 1],
        "889": [0, 1, 1],
        "889-crowned": [0, 1, 1],
        "890": [0, 1, 1],
        "891": [1, 1, 1],
        "892-rapid-strike": [1, 1, 1],
        "892": [1, 1, 1],
        "894": [0, 1, 1],
        "895": [0, 1, 1],
        "896": [1, 1, 1],
        "897": [1, 1, 1],
        "898": [1, 1, 1],
        "898-ice": [1, 1, 1],
        "898-shadow": [1, 1, 1],
        "900": [0, 1, 1],
        "901": [0, 1, 1],
        "903": [0, 1, 1],
        "909": [0, 1, 1],
        "910": [0, 2, 2],
        "911": [0, 1, 1],
        "912": [0, 1, 1],
        "913": [0, 1, 1],
        "914": [0, 2, 2],
        "919": [1, 1, 1],
        "920": [1, 1, 1],
        "924": [1, 1, 1],
        "925-four": [1, 2, 2],
        "925-three": [1, 2, 2],
        "932": [0, 1, 1],
        "933": [0, 1, 1],
        "934": [0, 1, 1],
        "940": [0, 1, 1],
        "941": [0, 1, 1],
        "944": [0, 1, 1],
        "945": [0, 1, 1],
        "948": [0, 1, 1],
        "949": [0, 1, 1],
        "951": [0, 1, 1],
        "952": [0, 2, 1],
        "953": [0, 1, 1],
        "954": [0, 1, 1],
        "957": [1, 1, 1],
        "958": [1, 1, 1],
        "959": [1, 1, 1],
        "962": [1, 1, 1],
        "967": [0, 1, 1],
        "968": [0, 2, 2],
        "969": [0, 1, 1],
        "970": [0, 1, 1],
        "973": [1, 1, 1],
        "974": [0, 1, 1],
        "975": [0, 1, 1],
        "978-curly": [0, 2, 2],
        "978-droopy": [0, 2, 2],
        "978-stretchy": [0, 1, 1],
        "979": [1, 1, 1],
        "981": [0, 1, 1],
        "982": [0, 1, 1],
        "982-three-segment": [0, 1, 1],
        "987": [1, 1, 1],
        "988": [0, 1, 1],
        "993": [0, 1, 1],
        "994": [0, 1, 1],
        "995": [0, 1, 1],
        "996": [0, 1, 1],
        "997": [0, 1, 1],
        "998": [0, 1, 1],
        "999": [1, 1, 1],
        "1000": [1, 1, 1],
        "1001": [0, 1, 1],
        "1003": [0, 1, 1],
        "1004": [0, 1, 1],
        "1006": [0, 2, 2],
        "1007-apex-build": [0, 2, 2],
        "1008-ultimate-mode": [1, 1, 1],
        "2026": [0, 1, 1],
        "2027": [0, 1, 1],
        "2028": [0, 1, 1],
        "2037": [0, 1, 1],
        "2038": [0, 1, 1],
        "2052": [0, 1, 1],
        "2053": [0, 1, 1],
        "2103": [0, 1, 1],
        "4052": [0, 1, 1],
        "4077": [0, 1, 1],
        "4078": [0, 1, 1],
        "4079": [0, 1, 1],
        "4080": [2, 2, 2],
        "4144": [0, 1, 1],
        "4145": [0, 1, 1],
        "4146": [0, 1, 1],
        "4199": [2, 1, 1],
        "4222": [0, 1, 1],
        "4263": [0, 1, 1],
        "4264": [0, 1, 1],
        "4562": [0, 1, 1],
        "6100": [0, 1, 1],
        "6101": [0, 1, 1],
        "6215": [0, 1, 1],
        "6503": [0, 1, 1],
        "6549": [0, 1, 1],
        "6570": [0, 1, 1],
        "6571": [0, 1, 1],
        "6705": [0, 1, 1],
        "6706": [0, 1, 1],
        "6713": [0, 1, 1],
        "female": {
            "6215": [0, 1, 1]
        }
    }
}
