{ "frames": [
   {
    "filename": "0001.png",
    "frame": { "x": 0, "y": 45, "w": 55, "h": 46 },
    "rotated": false,
    "trimmed": true,
    "spriteSourceSize": { "x": 0, "y": 0, "w": 55, "h": 46 },
    "sourceSize": { "w": 59, "h": 46 },
    "duration": 100
   },
   {
    "filename": "0002.png",
    "frame": { "x": 173, "y": 45, "w": 54, "h": 45 },
    "rotated": false,
    "trimmed": true,
    "spriteSourceSize": { "x": 0, "y": 1, "w": 54, "h": 45 },
    "sourceSize": { "w": 59, "h": 46 },
    "duration": 100
   },
   {
    "filename": "0003.png",
    "frame": { "x": 112, "y": 46, "w": 54, "h": 45 },
    "rotated": false,
    "trimmed": true,
    "spriteSourceSize": { "x": 0, "y": 1, "w": 54, "h": 45 },
    "sourceSize": { "w": 59, "h": 46 },
    "duration": 100
   },
   {
    "filename": "0004.png",
    "frame": { "x": 55, "y": 89, "w": 54, "h": 44 },
    "rotated": false,
    "trimmed": true,
    "spriteSourceSize": { "x": 0, "y": 2, "w": 54, "h": 44 },
    "sourceSize": { "w": 59, "h": 46 },
    "duration": 100
   },
   {
    "filename": "0005.png",
    "frame": { "x": 166, "y": 90, "w": 54, "h": 44 },
    "rotated": false,
    "trimmed": true,
    "spriteSourceSize": { "x": 1, "y": 2, "w": 54, "h": 44 },
    "sourceSize": { "w": 59, "h": 46 },
    "duration": 100
   },
   {
    "filename": "0006.png",
    "frame": { "x": 55, "y": 45, "w": 57, "h": 44 },
    "rotated": false,
    "trimmed": true,
    "spriteSourceSize": { "x": 1, "y": 2, "w": 57, "h": 44 },
    "sourceSize": { "w": 59, "h": 46 },
    "duration": 100
   },
   {
    "filename": "0007.png",
    "frame": { "x": 0, "y": 0, "w": 59, "h": 45 },
    "rotated": false,
    "trimmed": true,
    "spriteSourceSize": { "x": 0, "y": 1, "w": 59, "h": 45 },
    "sourceSize": { "w": 59, "h": 46 },
    "duration": 100
   },
   {
    "filename": "0008.png",
    "frame": { "x": 59, "y": 0, "w": 58, "h": 45 },
    "rotated": false,
    "trimmed": true,
    "spriteSourceSize": { "x": 0, "y": 1, "w": 58, "h": 45 },
    "sourceSize": { "w": 59, "h": 46 },
    "duration": 100
   },
   {
    "filename": "0009.png",
    "frame": { "x": 173, "y": 0, "w": 57, "h": 45 },
    "rotated": false,
    "trimmed": true,
    "spriteSourceSize": { "x": 0, "y": 1, "w": 57, "h": 45 },
    "sourceSize": { "w": 59, "h": 46 },
    "duration": 100
   },
   {
    "filename": "0010.png",
    "frame": { "x": 117, "y": 0, "w": 56, "h": 46 },
    "rotated": false,
    "trimmed": true,
    "spriteSourceSize": { "x": 0, "y": 0, "w": 56, "h": 46 },
    "sourceSize": { "w": 59, "h": 46 },
    "duration": 100
   }
 ],
 "meta": {
  "app": "https://www.aseprite.org/",
  "version": "1.3.13-x64",
  "image": "2037.png",
  "format": "I8",
  "size": { "w": 230, "h": 134 },
  "scale": "1"
 }
}
