{ "frames": [
   {
    "filename": "0001.png",
    "frame": { "x": 64, "y": 0, "w": 58, "h": 66 },
    "rotated": false,
    "trimmed": true,
    "spriteSourceSize": { "x": 3, "y": 7, "w": 58, "h": 66 },
    "sourceSize": { "w": 62, "h": 84 },
    "duration": 100
   },
   {
    "filename": "0002.png",
    "frame": { "x": 64, "y": 0, "w": 58, "h": 66 },
    "rotated": false,
    "trimmed": true,
    "spriteSourceSize": { "x": 3, "y": 9, "w": 58, "h": 66 },
    "sourceSize": { "w": 62, "h": 84 },
    "duration": 100
   },
   {
    "filename": "0003.png",
    "frame": { "x": 64, "y": 0, "w": 58, "h": 66 },
    "rotated": false,
    "trimmed": true,
    "spriteSourceSize": { "x": 3, "y": 11, "w": 58, "h": 66 },
    "sourceSize": { "w": 62, "h": 84 },
    "duration": 100
   },
   {
    "filename": "0004.png",
    "frame": { "x": 64, "y": 0, "w": 58, "h": 66 },
    "rotated": false,
    "trimmed": true,
    "spriteSourceSize": { "x": 3, "y": 14, "w": 58, "h": 66 },
    "sourceSize": { "w": 62, "h": 84 },
    "duration": 100
   },
   {
    "filename": "0005.png",
    "frame": { "x": 64, "y": 0, "w": 58, "h": 66 },
    "rotated": false,
    "trimmed": true,
    "spriteSourceSize": { "x": 3, "y": 16, "w": 58, "h": 66 },
    "sourceSize": { "w": 62, "h": 84 },
    "duration": 100
   },
   {
    "filename": "0006.png",
    "frame": { "x": 64, "y": 0, "w": 58, "h": 66 },
    "rotated": false,
    "trimmed": true,
    "spriteSourceSize": { "x": 3, "y": 18, "w": 58, "h": 66 },
    "sourceSize": { "w": 62, "h": 84 },
    "duration": 100
   },
   {
    "filename": "0007.png",
    "frame": { "x": 64, "y": 0, "w": 58, "h": 66 },
    "rotated": false,
    "trimmed": true,
    "spriteSourceSize": { "x": 3, "y": 15, "w": 58, "h": 66 },
    "sourceSize": { "w": 62, "h": 84 },
    "duration": 100
   },
   {
    "filename": "0008.png",
    "frame": { "x": 64, "y": 0, "w": 58, "h": 66 },
    "rotated": false,
    "trimmed": true,
    "spriteSourceSize": { "x": 3, "y": 13, "w": 58, "h": 66 },
    "sourceSize": { "w": 62, "h": 84 },
    "duration": 100
   },
   {
    "filename": "0009.png",
    "frame": { "x": 64, "y": 0, "w": 58, "h": 66 },
    "rotated": false,
    "trimmed": true,
    "spriteSourceSize": { "x": 3, "y": 10, "w": 58, "h": 66 },
    "sourceSize": { "w": 62, "h": 84 },
    "duration": 100
   },
   {
    "filename": "0010.png",
    "frame": { "x": 64, "y": 0, "w": 58, "h": 66 },
    "rotated": false,
    "trimmed": true,
    "spriteSourceSize": { "x": 3, "y": 8, "w": 58, "h": 66 },
    "sourceSize": { "w": 62, "h": 84 },
    "duration": 100
   },
   {
    "filename": "0011.png",
    "frame": { "x": 64, "y": 0, "w": 58, "h": 66 },
    "rotated": false,
    "trimmed": true,
    "spriteSourceSize": { "x": 3, "y": 5, "w": 58, "h": 66 },
    "sourceSize": { "w": 62, "h": 84 },
    "duration": 100
   },
   {
    "filename": "0012.png",
    "frame": { "x": 64, "y": 0, "w": 58, "h": 66 },
    "rotated": false,
    "trimmed": true,
    "spriteSourceSize": { "x": 3, "y": 3, "w": 58, "h": 66 },
    "sourceSize": { "w": 62, "h": 84 },
    "duration": 100
   },
   {
    "filename": "0013.png",
    "frame": { "x": 64, "y": 0, "w": 58, "h": 66 },
    "rotated": false,
    "trimmed": true,
    "spriteSourceSize": { "x": 3, "y": 0, "w": 58, "h": 66 },
    "sourceSize": { "w": 62, "h": 84 },
    "duration": 100
   },
   {
    "filename": "0014.png",
    "frame": { "x": 64, "y": 0, "w": 58, "h": 66 },
    "rotated": false,
    "trimmed": true,
    "spriteSourceSize": { "x": 3, "y": 2, "w": 58, "h": 66 },
    "sourceSize": { "w": 62, "h": 84 },
    "duration": 100
   },
   {
    "filename": "0015.png",
    "frame": { "x": 64, "y": 0, "w": 58, "h": 66 },
    "rotated": false,
    "trimmed": true,
    "spriteSourceSize": { "x": 3, "y": 5, "w": 58, "h": 66 },
    "sourceSize": { "w": 62, "h": 84 },
    "duration": 100
   },
   {
    "filename": "0016.png",
    "frame": { "x": 64, "y": 0, "w": 58, "h": 66 },
    "rotated": false,
    "trimmed": true,
    "spriteSourceSize": { "x": 3, "y": 7, "w": 58, "h": 66 },
    "sourceSize": { "w": 62, "h": 84 },
    "duration": 100
   },
   {
    "filename": "0017.png",
    "frame": { "x": 64, "y": 0, "w": 58, "h": 66 },
    "rotated": false,
    "trimmed": true,
    "spriteSourceSize": { "x": 3, "y": 9, "w": 58, "h": 66 },
    "sourceSize": { "w": 62, "h": 84 },
    "duration": 100
   },
   {
    "filename": "0018.png",
    "frame": { "x": 64, "y": 0, "w": 58, "h": 66 },
    "rotated": false,
    "trimmed": true,
    "spriteSourceSize": { "x": 3, "y": 11, "w": 58, "h": 66 },
    "sourceSize": { "w": 62, "h": 84 },
    "duration": 100
   },
   {
    "filename": "0019.png",
    "frame": { "x": 64, "y": 0, "w": 58, "h": 66 },
    "rotated": false,
    "trimmed": true,
    "spriteSourceSize": { "x": 3, "y": 14, "w": 58, "h": 66 },
    "sourceSize": { "w": 62, "h": 84 },
    "duration": 100
   },
   {
    "filename": "0020.png",
    "frame": { "x": 64, "y": 0, "w": 58, "h": 66 },
    "rotated": false,
    "trimmed": true,
    "spriteSourceSize": { "x": 3, "y": 16, "w": 58, "h": 66 },
    "sourceSize": { "w": 62, "h": 84 },
    "duration": 100
   },
   {
    "filename": "0021.png",
    "frame": { "x": 64, "y": 0, "w": 58, "h": 66 },
    "rotated": false,
    "trimmed": true,
    "spriteSourceSize": { "x": 3, "y": 18, "w": 58, "h": 66 },
    "sourceSize": { "w": 62, "h": 84 },
    "duration": 100
   },
   {
    "filename": "0022.png",
    "frame": { "x": 64, "y": 0, "w": 58, "h": 66 },
    "rotated": false,
    "trimmed": true,
    "spriteSourceSize": { "x": 3, "y": 15, "w": 58, "h": 66 },
    "sourceSize": { "w": 62, "h": 84 },
    "duration": 100
   },
   {
    "filename": "0023.png",
    "frame": { "x": 64, "y": 0, "w": 58, "h": 66 },
    "rotated": false,
    "trimmed": true,
    "spriteSourceSize": { "x": 3, "y": 13, "w": 58, "h": 66 },
    "sourceSize": { "w": 62, "h": 84 },
    "duration": 100
   },
   {
    "filename": "0024.png",
    "frame": { "x": 64, "y": 0, "w": 58, "h": 66 },
    "rotated": false,
    "trimmed": true,
    "spriteSourceSize": { "x": 3, "y": 10, "w": 58, "h": 66 },
    "sourceSize": { "w": 62, "h": 84 },
    "duration": 100
   },
   {
    "filename": "0025.png",
    "frame": { "x": 64, "y": 0, "w": 58, "h": 66 },
    "rotated": false,
    "trimmed": true,
    "spriteSourceSize": { "x": 3, "y": 8, "w": 58, "h": 66 },
    "sourceSize": { "w": 62, "h": 84 },
    "duration": 100
   },
   {
    "filename": "0026.png",
    "frame": { "x": 64, "y": 0, "w": 58, "h": 66 },
    "rotated": false,
    "trimmed": true,
    "spriteSourceSize": { "x": 3, "y": 5, "w": 58, "h": 66 },
    "sourceSize": { "w": 62, "h": 84 },
    "duration": 100
   },
   {
    "filename": "0027.png",
    "frame": { "x": 64, "y": 0, "w": 58, "h": 66 },
    "rotated": false,
    "trimmed": true,
    "spriteSourceSize": { "x": 3, "y": 3, "w": 58, "h": 66 },
    "sourceSize": { "w": 62, "h": 84 },
    "duration": 100
   },
   {
    "filename": "0028.png",
    "frame": { "x": 64, "y": 0, "w": 58, "h": 66 },
    "rotated": false,
    "trimmed": true,
    "spriteSourceSize": { "x": 3, "y": 0, "w": 58, "h": 66 },
    "sourceSize": { "w": 62, "h": 84 },
    "duration": 100
   },
   {
    "filename": "0029.png",
    "frame": { "x": 64, "y": 0, "w": 58, "h": 66 },
    "rotated": false,
    "trimmed": true,
    "spriteSourceSize": { "x": 3, "y": 2, "w": 58, "h": 66 },
    "sourceSize": { "w": 62, "h": 84 },
    "duration": 100
   },
   {
    "filename": "0030.png",
    "frame": { "x": 64, "y": 0, "w": 58, "h": 66 },
    "rotated": false,
    "trimmed": true,
    "spriteSourceSize": { "x": 3, "y": 5, "w": 58, "h": 66 },
    "sourceSize": { "w": 62, "h": 84 },
    "duration": 100
   },
   {
    "filename": "0031.png",
    "frame": { "x": 64, "y": 0, "w": 58, "h": 66 },
    "rotated": false,
    "trimmed": true,
    "spriteSourceSize": { "x": 3, "y": 7, "w": 58, "h": 66 },
    "sourceSize": { "w": 62, "h": 84 },
    "duration": 100
   },
   {
    "filename": "0032.png",
    "frame": { "x": 64, "y": 0, "w": 58, "h": 66 },
    "rotated": false,
    "trimmed": true,
    "spriteSourceSize": { "x": 3, "y": 9, "w": 58, "h": 66 },
    "sourceSize": { "w": 62, "h": 84 },
    "duration": 100
   },
   {
    "filename": "0033.png",
    "frame": { "x": 64, "y": 0, "w": 58, "h": 66 },
    "rotated": false,
    "trimmed": true,
    "spriteSourceSize": { "x": 3, "y": 11, "w": 58, "h": 66 },
    "sourceSize": { "w": 62, "h": 84 },
    "duration": 100
   },
   {
    "filename": "0034.png",
    "frame": { "x": 64, "y": 0, "w": 58, "h": 66 },
    "rotated": false,
    "trimmed": true,
    "spriteSourceSize": { "x": 3, "y": 14, "w": 58, "h": 66 },
    "sourceSize": { "w": 62, "h": 84 },
    "duration": 100
   },
   {
    "filename": "0035.png",
    "frame": { "x": 64, "y": 0, "w": 58, "h": 66 },
    "rotated": false,
    "trimmed": true,
    "spriteSourceSize": { "x": 3, "y": 16, "w": 58, "h": 66 },
    "sourceSize": { "w": 62, "h": 84 },
    "duration": 100
   },
   {
    "filename": "0036.png",
    "frame": { "x": 64, "y": 0, "w": 58, "h": 66 },
    "rotated": false,
    "trimmed": true,
    "spriteSourceSize": { "x": 3, "y": 18, "w": 58, "h": 66 },
    "sourceSize": { "w": 62, "h": 84 },
    "duration": 100
   },
   {
    "filename": "0037.png",
    "frame": { "x": 64, "y": 0, "w": 58, "h": 66 },
    "rotated": false,
    "trimmed": true,
    "spriteSourceSize": { "x": 3, "y": 15, "w": 58, "h": 66 },
    "sourceSize": { "w": 62, "h": 84 },
    "duration": 100
   },
   {
    "filename": "0038.png",
    "frame": { "x": 64, "y": 0, "w": 58, "h": 66 },
    "rotated": false,
    "trimmed": true,
    "spriteSourceSize": { "x": 3, "y": 13, "w": 58, "h": 66 },
    "sourceSize": { "w": 62, "h": 84 },
    "duration": 100
   },
   {
    "filename": "0039.png",
    "frame": { "x": 64, "y": 0, "w": 58, "h": 66 },
    "rotated": false,
    "trimmed": true,
    "spriteSourceSize": { "x": 3, "y": 10, "w": 58, "h": 66 },
    "sourceSize": { "w": 62, "h": 84 },
    "duration": 100
   },
   {
    "filename": "0040.png",
    "frame": { "x": 64, "y": 0, "w": 58, "h": 66 },
    "rotated": false,
    "trimmed": true,
    "spriteSourceSize": { "x": 3, "y": 8, "w": 58, "h": 66 },
    "sourceSize": { "w": 62, "h": 84 },
    "duration": 100
   },
   {
    "filename": "0041.png",
    "frame": { "x": 64, "y": 0, "w": 58, "h": 66 },
    "rotated": false,
    "trimmed": true,
    "spriteSourceSize": { "x": 3, "y": 5, "w": 58, "h": 66 },
    "sourceSize": { "w": 62, "h": 84 },
    "duration": 100
   },
   {
    "filename": "0042.png",
    "frame": { "x": 64, "y": 0, "w": 58, "h": 66 },
    "rotated": false,
    "trimmed": true,
    "spriteSourceSize": { "x": 3, "y": 3, "w": 58, "h": 66 },
    "sourceSize": { "w": 62, "h": 84 },
    "duration": 100
   },
   {
    "filename": "0043.png",
    "frame": { "x": 64, "y": 0, "w": 58, "h": 66 },
    "rotated": false,
    "trimmed": true,
    "spriteSourceSize": { "x": 3, "y": 0, "w": 58, "h": 66 },
    "sourceSize": { "w": 62, "h": 84 },
    "duration": 100
   },
   {
    "filename": "0044.png",
    "frame": { "x": 64, "y": 0, "w": 58, "h": 66 },
    "rotated": false,
    "trimmed": true,
    "spriteSourceSize": { "x": 3, "y": 2, "w": 58, "h": 66 },
    "sourceSize": { "w": 62, "h": 84 },
    "duration": 100
   },
   {
    "filename": "0045.png",
    "frame": { "x": 64, "y": 0, "w": 58, "h": 66 },
    "rotated": false,
    "trimmed": true,
    "spriteSourceSize": { "x": 3, "y": 5, "w": 58, "h": 66 },
    "sourceSize": { "w": 62, "h": 84 },
    "duration": 100
   },
   {
    "filename": "0046.png",
    "frame": { "x": 64, "y": 0, "w": 58, "h": 66 },
    "rotated": false,
    "trimmed": true,
    "spriteSourceSize": { "x": 3, "y": 5, "w": 58, "h": 66 },
    "sourceSize": { "w": 62, "h": 84 },
    "duration": 100
   },
   {
    "filename": "0047.png",
    "frame": { "x": 0, "y": 0, "w": 62, "h": 67 },
    "rotated": false,
    "trimmed": true,
    "spriteSourceSize": { "x": 0, "y": 3, "w": 62, "h": 67 },
    "sourceSize": { "w": 62, "h": 84 },
    "duration": 100
   },
   {
    "filename": "0048.png",
    "frame": { "x": 0, "y": 69, "w": 55, "h": 65 },
    "rotated": false,
    "trimmed": true,
    "spriteSourceSize": { "x": 5, "y": 6, "w": 55, "h": 65 },
    "sourceSize": { "w": 62, "h": 84 },
    "duration": 100
   },
   {
    "filename": "0049.png",
    "frame": { "x": 0, "y": 0, "w": 62, "h": 67 },
    "rotated": false,
    "trimmed": true,
    "spriteSourceSize": { "x": 0, "y": 3, "w": 62, "h": 67 },
    "sourceSize": { "w": 62, "h": 84 },
    "duration": 100
   },
   {
    "filename": "0050.png",
    "frame": { "x": 0, "y": 69, "w": 55, "h": 65 },
    "rotated": false,
    "trimmed": true,
    "spriteSourceSize": { "x": 5, "y": 6, "w": 55, "h": 65 },
    "sourceSize": { "w": 62, "h": 84 },
    "duration": 100
   },
   {
    "filename": "0051.png",
    "frame": { "x": 0, "y": 0, "w": 62, "h": 67 },
    "rotated": false,
    "trimmed": true,
    "spriteSourceSize": { "x": 0, "y": 3, "w": 62, "h": 67 },
    "sourceSize": { "w": 62, "h": 84 },
    "duration": 100
   },
   {
    "filename": "0052.png",
    "frame": { "x": 0, "y": 69, "w": 55, "h": 65 },
    "rotated": false,
    "trimmed": true,
    "spriteSourceSize": { "x": 5, "y": 6, "w": 55, "h": 65 },
    "sourceSize": { "w": 62, "h": 84 },
    "duration": 100
   },
   {
    "filename": "0053.png",
    "frame": { "x": 0, "y": 0, "w": 62, "h": 67 },
    "rotated": false,
    "trimmed": true,
    "spriteSourceSize": { "x": 0, "y": 3, "w": 62, "h": 67 },
    "sourceSize": { "w": 62, "h": 84 },
    "duration": 100
   },
   {
    "filename": "0054.png",
    "frame": { "x": 0, "y": 69, "w": 55, "h": 65 },
    "rotated": false,
    "trimmed": true,
    "spriteSourceSize": { "x": 5, "y": 6, "w": 55, "h": 65 },
    "sourceSize": { "w": 62, "h": 84 },
    "duration": 100
   },
   {
    "filename": "0055.png",
    "frame": { "x": 0, "y": 0, "w": 62, "h": 67 },
    "rotated": false,
    "trimmed": true,
    "spriteSourceSize": { "x": 0, "y": 3, "w": 62, "h": 67 },
    "sourceSize": { "w": 62, "h": 84 },
    "duration": 100
   },
   {
    "filename": "0056.png",
    "frame": { "x": 0, "y": 69, "w": 55, "h": 65 },
    "rotated": false,
    "trimmed": true,
    "spriteSourceSize": { "x": 5, "y": 6, "w": 55, "h": 65 },
    "sourceSize": { "w": 62, "h": 84 },
    "duration": 100
   },
   {
    "filename": "0057.png",
    "frame": { "x": 0, "y": 0, "w": 62, "h": 67 },
    "rotated": false,
    "trimmed": true,
    "spriteSourceSize": { "x": 0, "y": 3, "w": 62, "h": 67 },
    "sourceSize": { "w": 62, "h": 84 },
    "duration": 100
   },
   {
    "filename": "0058.png",
    "frame": { "x": 0, "y": 69, "w": 55, "h": 65 },
    "rotated": false,
    "trimmed": true,
    "spriteSourceSize": { "x": 5, "y": 6, "w": 55, "h": 65 },
    "sourceSize": { "w": 62, "h": 84 },
    "duration": 100
   },
   {
    "filename": "0059.png",
    "frame": { "x": 64, "y": 0, "w": 58, "h": 66 },
    "rotated": false,
    "trimmed": true,
    "spriteSourceSize": { "x": 3, "y": 5, "w": 58, "h": 66 },
    "sourceSize": { "w": 62, "h": 84 },
    "duration": 100
   },
   {
    "filename": "0060.png",
    "frame": { "x": 64, "y": 0, "w": 58, "h": 66 },
    "rotated": false,
    "trimmed": true,
    "spriteSourceSize": { "x": 3, "y": 5, "w": 58, "h": 66 },
    "sourceSize": { "w": 62, "h": 84 },
    "duration": 100
   }
 ],
 "meta": {
  "app": "https://www.aseprite.org/",
  "version": "1.3.12-x64",
  "image": "362-mega.png",
  "format": "I8",
  "size": { "w": 122, "h": 134 },
  "scale": "1"
 }
}
