{
	"textures": [
		{
			"image": "4078.png",
			"format": "RGBA8888",
			"size": {
				"w": 229,
				"h": 229
			},
			"scale": 1,
			"frames": [
				{
					"filename": "0006.png",
					"rotated": false,
					"trimmed": false,
					"sourceSize": {
						"w": 78,
						"h": 84
					},
					"spriteSourceSize": {
						"x": 0,
						"y": 0,
						"w": 78,
						"h": 84
					},
					"frame": {
						"x": 0,
						"y": 0,
						"w": 78,
						"h": 84
					}
				},
				{
					"filename": "0008.png",
					"rotated": false,
					"trimmed": false,
					"sourceSize": {
						"w": 78,
						"h": 84
					},
					"spriteSourceSize": {
						"x": 0,
						"y": 0,
						"w": 78,
						"h": 84
					},
					"frame": {
						"x": 0,
						"y": 0,
						"w": 78,
						"h": 84
					}
				},
				{
					"filename": "0007.png",
					"rotated": false,
					"trimmed": false,
					"sourceSize": {
						"w": 78,
						"h": 84
					},
					"spriteSourceSize": {
						"x": 0,
						"y": 0,
						"w": 78,
						"h": 84
					},
					"frame": {
						"x": 0,
						"y": 84,
						"w": 78,
						"h": 84
					}
				},
				{
					"filename": "0001.png",
					"rotated": false,
					"trimmed": true,
					"sourceSize": {
						"w": 78,
						"h": 84
					},
					"spriteSourceSize": {
						"x": 0,
						"y": 13,
						"w": 78,
						"h": 71
					},
					"frame": {
						"x": 78,
						"y": 0,
						"w": 78,
						"h": 71
					}
				},
				{
					"filename": "0003.png",
					"rotated": false,
					"trimmed": true,
					"sourceSize": {
						"w": 78,
						"h": 84
					},
					"spriteSourceSize": {
						"x": 3,
						"y": 7,
						"w": 73,
						"h": 77
					},
					"frame": {
						"x": 156,
						"y": 0,
						"w": 73,
						"h": 77
					}
				},
				{
					"filename": "0011.png",
					"rotated": false,
					"trimmed": true,
					"sourceSize": {
						"w": 78,
						"h": 84
					},
					"spriteSourceSize": {
						"x": 3,
						"y": 7,
						"w": 73,
						"h": 77
					},
					"frame": {
						"x": 156,
						"y": 0,
						"w": 73,
						"h": 77
					}
				},
				{
					"filename": "0005.png",
					"rotated": false,
					"trimmed": true,
					"sourceSize": {
						"w": 78,
						"h": 84
					},
					"spriteSourceSize": {
						"x": 1,
						"y": 1,
						"w": 76,
						"h": 83
					},
					"frame": {
						"x": 78,
						"y": 71,
						"w": 76,
						"h": 83
					}
				},
				{
					"filename": "0009.png",
					"rotated": false,
					"trimmed": true,
					"sourceSize": {
						"w": 78,
						"h": 84
					},
					"spriteSourceSize": {
						"x": 1,
						"y": 1,
						"w": 76,
						"h": 83
					},
					"frame": {
						"x": 78,
						"y": 71,
						"w": 76,
						"h": 83
					}
				},
				{
					"filename": "0004.png",
					"rotated": false,
					"trimmed": true,
					"sourceSize": {
						"w": 78,
						"h": 84
					},
					"spriteSourceSize": {
						"x": 1,
						"y": 4,
						"w": 75,
						"h": 80
					},
					"frame": {
						"x": 154,
						"y": 77,
						"w": 75,
						"h": 80
					}
				},
				{
					"filename": "0010.png",
					"rotated": false,
					"trimmed": true,
					"sourceSize": {
						"w": 78,
						"h": 84
					},
					"spriteSourceSize": {
						"x": 1,
						"y": 4,
						"w": 75,
						"h": 80
					},
					"frame": {
						"x": 154,
						"y": 77,
						"w": 75,
						"h": 80
					}
				},
				{
					"filename": "0002.png",
					"rotated": false,
					"trimmed": true,
					"sourceSize": {
						"w": 78,
						"h": 84
					},
					"spriteSourceSize": {
						"x": 2,
						"y": 10,
						"w": 75,
						"h": 74
					},
					"frame": {
						"x": 78,
						"y": 154,
						"w": 75,
						"h": 74
					}
				},
				{
					"filename": "0012.png",
					"rotated": false,
					"trimmed": true,
					"sourceSize": {
						"w": 78,
						"h": 84
					},
					"spriteSourceSize": {
						"x": 2,
						"y": 10,
						"w": 75,
						"h": 74
					},
					"frame": {
						"x": 78,
						"y": 154,
						"w": 75,
						"h": 74
					}
				}
			]
		}
	],
	"meta": {
		"app": "https://www.codeandweb.com/texturepacker",
		"version": "3.0",
		"smartupdate": "$TexturePacker:SmartUpdate:6f67023fa4b614cc61bbf70cbd4f30ee:940e90abc54d45b7bc7719603ef7060b:562dcb55869fc8858f989a2dcdaa0f67$"
	}
}
