{ "frames": [
   {
    "filename": "0001.png",
    "frame": { "x": 0, "y": 38, "w": 32, "h": 38 },
    "rotated": false,
    "trimmed": true,
    "spriteSourceSize": { "x": 3, "y": 1, "w": 32, "h": 38 },
    "sourceSize": { "w": 37, "h": 39 },
    "duration": 120
   },
   {
    "filename": "0002.png",
    "frame": { "x": 32, "y": 113, "w": 31, "h": 39 },
    "rotated": false,
    "trimmed": true,
    "spriteSourceSize": { "x": 3, "y": 0, "w": 31, "h": 39 },
    "sourceSize": { "w": 37, "h": 39 },
    "duration": 120
   },
   {
    "filename": "0003.png",
    "frame": { "x": 34, "y": 36, "w": 32, "h": 39 },
    "rotated": false,
    "trimmed": true,
    "spriteSourceSize": { "x": 3, "y": 0, "w": 32, "h": 39 },
    "sourceSize": { "w": 37, "h": 39 },
    "duration": 120
   },
   {
    "filename": "0004.png",
    "frame": { "x": 0, "y": 0, "w": 34, "h": 38 },
    "rotated": false,
    "trimmed": true,
    "spriteSourceSize": { "x": 3, "y": 1, "w": 34, "h": 38 },
    "sourceSize": { "w": 37, "h": 39 },
    "duration": 120
   },
   {
    "filename": "0005.png",
    "frame": { "x": 32, "y": 75, "w": 32, "h": 38 },
    "rotated": false,
    "trimmed": true,
    "spriteSourceSize": { "x": 3, "y": 1, "w": 32, "h": 38 },
    "sourceSize": { "w": 37, "h": 39 },
    "duration": 120
   },
   {
    "filename": "0006.png",
    "frame": { "x": 0, "y": 38, "w": 32, "h": 38 },
    "rotated": false,
    "trimmed": true,
    "spriteSourceSize": { "x": 3, "y": 1, "w": 32, "h": 38 },
    "sourceSize": { "w": 37, "h": 39 },
    "duration": 120
   },
   {
    "filename": "0007.png",
    "frame": { "x": 0, "y": 114, "w": 31, "h": 38 },
    "rotated": false,
    "trimmed": true,
    "spriteSourceSize": { "x": 3, "y": 0, "w": 31, "h": 38 },
    "sourceSize": { "w": 37, "h": 39 },
    "duration": 120
   },
   {
    "filename": "0008.png",
    "frame": { "x": 0, "y": 76, "w": 32, "h": 38 },
    "rotated": false,
    "trimmed": true,
    "spriteSourceSize": { "x": 3, "y": 0, "w": 32, "h": 38 },
    "sourceSize": { "w": 37, "h": 39 },
    "duration": 120
   },
   {
    "filename": "0009.png",
    "frame": { "x": 69, "y": 0, "w": 34, "h": 37 },
    "rotated": false,
    "trimmed": true,
    "spriteSourceSize": { "x": 3, "y": 1, "w": 34, "h": 37 },
    "sourceSize": { "w": 37, "h": 39 },
    "duration": 120
   },
   {
    "filename": "0010.png",
    "frame": { "x": 64, "y": 76, "w": 32, "h": 38 },
    "rotated": false,
    "trimmed": true,
    "spriteSourceSize": { "x": 3, "y": 1, "w": 32, "h": 38 },
    "sourceSize": { "w": 37, "h": 39 },
    "duration": 120
   },
   {
    "filename": "0011.png",
    "frame": { "x": 0, "y": 38, "w": 32, "h": 38 },
    "rotated": false,
    "trimmed": true,
    "spriteSourceSize": { "x": 3, "y": 1, "w": 32, "h": 38 },
    "sourceSize": { "w": 37, "h": 39 },
    "duration": 120
   },
   {
    "filename": "0012.png",
    "frame": { "x": 32, "y": 113, "w": 31, "h": 39 },
    "rotated": false,
    "trimmed": true,
    "spriteSourceSize": { "x": 3, "y": 0, "w": 31, "h": 39 },
    "sourceSize": { "w": 37, "h": 39 },
    "duration": 120
   },
   {
    "filename": "0013.png",
    "frame": { "x": 34, "y": 36, "w": 32, "h": 39 },
    "rotated": false,
    "trimmed": true,
    "spriteSourceSize": { "x": 3, "y": 0, "w": 32, "h": 39 },
    "sourceSize": { "w": 37, "h": 39 },
    "duration": 120
   },
   {
    "filename": "0014.png",
    "frame": { "x": 0, "y": 0, "w": 34, "h": 38 },
    "rotated": false,
    "trimmed": true,
    "spriteSourceSize": { "x": 3, "y": 1, "w": 34, "h": 38 },
    "sourceSize": { "w": 37, "h": 39 },
    "duration": 120
   },
   {
    "filename": "0015.png",
    "frame": { "x": 32, "y": 75, "w": 32, "h": 38 },
    "rotated": false,
    "trimmed": true,
    "spriteSourceSize": { "x": 3, "y": 1, "w": 32, "h": 38 },
    "sourceSize": { "w": 37, "h": 39 },
    "duration": 120
   },
   {
    "filename": "0016.png",
    "frame": { "x": 0, "y": 38, "w": 32, "h": 38 },
    "rotated": false,
    "trimmed": true,
    "spriteSourceSize": { "x": 3, "y": 1, "w": 32, "h": 38 },
    "sourceSize": { "w": 37, "h": 39 },
    "duration": 120
   },
   {
    "filename": "0017.png",
    "frame": { "x": 0, "y": 114, "w": 31, "h": 38 },
    "rotated": false,
    "trimmed": true,
    "spriteSourceSize": { "x": 3, "y": 0, "w": 31, "h": 38 },
    "sourceSize": { "w": 37, "h": 39 },
    "duration": 120
   },
   {
    "filename": "0018.png",
    "frame": { "x": 0, "y": 76, "w": 32, "h": 38 },
    "rotated": false,
    "trimmed": true,
    "spriteSourceSize": { "x": 3, "y": 0, "w": 32, "h": 38 },
    "sourceSize": { "w": 37, "h": 39 },
    "duration": 120
   },
   {
    "filename": "0019.png",
    "frame": { "x": 69, "y": 0, "w": 34, "h": 37 },
    "rotated": false,
    "trimmed": true,
    "spriteSourceSize": { "x": 3, "y": 1, "w": 34, "h": 37 },
    "sourceSize": { "w": 37, "h": 39 },
    "duration": 120
   },
   {
    "filename": "0020.png",
    "frame": { "x": 64, "y": 76, "w": 32, "h": 38 },
    "rotated": false,
    "trimmed": true,
    "spriteSourceSize": { "x": 3, "y": 1, "w": 32, "h": 38 },
    "sourceSize": { "w": 37, "h": 39 },
    "duration": 120
   },
   {
    "filename": "0021.png",
    "frame": { "x": 0, "y": 38, "w": 32, "h": 38 },
    "rotated": false,
    "trimmed": true,
    "spriteSourceSize": { "x": 3, "y": 1, "w": 32, "h": 38 },
    "sourceSize": { "w": 37, "h": 39 },
    "duration": 120
   },
   {
    "filename": "0022.png",
    "frame": { "x": 32, "y": 113, "w": 31, "h": 39 },
    "rotated": false,
    "trimmed": true,
    "spriteSourceSize": { "x": 3, "y": 0, "w": 31, "h": 39 },
    "sourceSize": { "w": 37, "h": 39 },
    "duration": 120
   },
   {
    "filename": "0023.png",
    "frame": { "x": 34, "y": 36, "w": 32, "h": 39 },
    "rotated": false,
    "trimmed": true,
    "spriteSourceSize": { "x": 3, "y": 0, "w": 32, "h": 39 },
    "sourceSize": { "w": 37, "h": 39 },
    "duration": 120
   },
   {
    "filename": "0024.png",
    "frame": { "x": 0, "y": 0, "w": 34, "h": 38 },
    "rotated": false,
    "trimmed": true,
    "spriteSourceSize": { "x": 3, "y": 1, "w": 34, "h": 38 },
    "sourceSize": { "w": 37, "h": 39 },
    "duration": 120
   },
   {
    "filename": "0025.png",
    "frame": { "x": 32, "y": 75, "w": 32, "h": 38 },
    "rotated": false,
    "trimmed": true,
    "spriteSourceSize": { "x": 3, "y": 1, "w": 32, "h": 38 },
    "sourceSize": { "w": 37, "h": 39 },
    "duration": 120
   },
   {
    "filename": "0026.png",
    "frame": { "x": 0, "y": 38, "w": 32, "h": 38 },
    "rotated": false,
    "trimmed": true,
    "spriteSourceSize": { "x": 3, "y": 1, "w": 32, "h": 38 },
    "sourceSize": { "w": 37, "h": 39 },
    "duration": 120
   },
   {
    "filename": "0027.png",
    "frame": { "x": 0, "y": 114, "w": 31, "h": 38 },
    "rotated": false,
    "trimmed": true,
    "spriteSourceSize": { "x": 3, "y": 0, "w": 31, "h": 38 },
    "sourceSize": { "w": 37, "h": 39 },
    "duration": 120
   },
   {
    "filename": "0028.png",
    "frame": { "x": 0, "y": 76, "w": 32, "h": 38 },
    "rotated": false,
    "trimmed": true,
    "spriteSourceSize": { "x": 3, "y": 0, "w": 32, "h": 38 },
    "sourceSize": { "w": 37, "h": 39 },
    "duration": 120
   },
   {
    "filename": "0029.png",
    "frame": { "x": 69, "y": 0, "w": 34, "h": 37 },
    "rotated": false,
    "trimmed": true,
    "spriteSourceSize": { "x": 3, "y": 1, "w": 34, "h": 37 },
    "sourceSize": { "w": 37, "h": 39 },
    "duration": 120
   },
   {
    "filename": "0030.png",
    "frame": { "x": 64, "y": 76, "w": 32, "h": 38 },
    "rotated": false,
    "trimmed": true,
    "spriteSourceSize": { "x": 3, "y": 1, "w": 32, "h": 38 },
    "sourceSize": { "w": 37, "h": 39 },
    "duration": 120
   },
   {
    "filename": "0031.png",
    "frame": { "x": 0, "y": 38, "w": 32, "h": 38 },
    "rotated": false,
    "trimmed": true,
    "spriteSourceSize": { "x": 3, "y": 1, "w": 32, "h": 38 },
    "sourceSize": { "w": 37, "h": 39 },
    "duration": 120
   },
   {
    "filename": "0032.png",
    "frame": { "x": 66, "y": 37, "w": 32, "h": 39 },
    "rotated": false,
    "trimmed": true,
    "spriteSourceSize": { "x": 3, "y": 0, "w": 32, "h": 39 },
    "sourceSize": { "w": 37, "h": 39 },
    "duration": 120
   },
   {
    "filename": "0033.png",
    "frame": { "x": 66, "y": 37, "w": 32, "h": 39 },
    "rotated": false,
    "trimmed": true,
    "spriteSourceSize": { "x": 3, "y": 0, "w": 32, "h": 39 },
    "sourceSize": { "w": 37, "h": 39 },
    "duration": 120
   },
   {
    "filename": "0034.png",
    "frame": { "x": 96, "y": 76, "w": 32, "h": 38 },
    "rotated": false,
    "trimmed": true,
    "spriteSourceSize": { "x": 2, "y": 1, "w": 32, "h": 38 },
    "sourceSize": { "w": 37, "h": 39 },
    "duration": 120
   },
   {
    "filename": "0035.png",
    "frame": { "x": 103, "y": 0, "w": 34, "h": 37 },
    "rotated": false,
    "trimmed": true,
    "spriteSourceSize": { "x": 1, "y": 2, "w": 34, "h": 37 },
    "sourceSize": { "w": 37, "h": 39 },
    "duration": 120
   },
   {
    "filename": "0036.png",
    "frame": { "x": 34, "y": 0, "w": 35, "h": 36 },
    "rotated": false,
    "trimmed": true,
    "spriteSourceSize": { "x": 0, "y": 3, "w": 35, "h": 36 },
    "sourceSize": { "w": 37, "h": 39 },
    "duration": 120
   },
   {
    "filename": "0037.png",
    "frame": { "x": 103, "y": 0, "w": 34, "h": 37 },
    "rotated": false,
    "trimmed": true,
    "spriteSourceSize": { "x": 1, "y": 2, "w": 34, "h": 37 },
    "sourceSize": { "w": 37, "h": 39 },
    "duration": 120
   },
   {
    "filename": "0038.png",
    "frame": { "x": 34, "y": 0, "w": 35, "h": 36 },
    "rotated": false,
    "trimmed": true,
    "spriteSourceSize": { "x": 0, "y": 3, "w": 35, "h": 36 },
    "sourceSize": { "w": 37, "h": 39 },
    "duration": 120
   },
   {
    "filename": "0039.png",
    "frame": { "x": 103, "y": 0, "w": 34, "h": 37 },
    "rotated": false,
    "trimmed": true,
    "spriteSourceSize": { "x": 1, "y": 2, "w": 34, "h": 37 },
    "sourceSize": { "w": 37, "h": 39 },
    "duration": 120
   },
   {
    "filename": "0040.png",
    "frame": { "x": 34, "y": 0, "w": 35, "h": 36 },
    "rotated": false,
    "trimmed": true,
    "spriteSourceSize": { "x": 0, "y": 3, "w": 35, "h": 36 },
    "sourceSize": { "w": 37, "h": 39 },
    "duration": 120
   },
   {
    "filename": "0041.png",
    "frame": { "x": 103, "y": 0, "w": 34, "h": 37 },
    "rotated": false,
    "trimmed": true,
    "spriteSourceSize": { "x": 1, "y": 2, "w": 34, "h": 37 },
    "sourceSize": { "w": 37, "h": 39 },
    "duration": 120
   },
   {
    "filename": "0042.png",
    "frame": { "x": 98, "y": 37, "w": 32, "h": 39 },
    "rotated": false,
    "trimmed": true,
    "spriteSourceSize": { "x": 2, "y": 0, "w": 32, "h": 39 },
    "sourceSize": { "w": 37, "h": 39 },
    "duration": 120
   },
   {
    "filename": "0043.png",
    "frame": { "x": 66, "y": 37, "w": 32, "h": 39 },
    "rotated": false,
    "trimmed": true,
    "spriteSourceSize": { "x": 3, "y": 0, "w": 32, "h": 39 },
    "sourceSize": { "w": 37, "h": 39 },
    "duration": 120
   }
 ],
 "meta": {
  "app": "https://www.aseprite.org/",
  "version": "1.3.11-x64",
  "format": "I8",
  "size": { "w": 137, "h": 152 },
  "scale": "1"
 }
}
