{
	"textures": [
		{
			"image": "804.png",
			"format": "RGBA8888",
			"size": {
				"w": 220,
				"h": 220
			},
			"scale": 1,
			"frames": [
				{
					"filename": "0003.png",
					"rotated": false,
					"trimmed": true,
					"sourceSize": {
						"w": 68,
						"h": 82
					},
					"spriteSourceSize": {
						"x": 2,
						"y": 1,
						"w": 64,
						"h": 79
					},
					"frame": {
						"x": 0,
						"y": 0,
						"w": 64,
						"h": 79
					}
				},
				{
					"filename": "0011.png",
					"rotated": false,
					"trimmed": true,
					"sourceSize": {
						"w": 68,
						"h": 82
					},
					"spriteSourceSize": {
						"x": 2,
						"y": 1,
						"w": 64,
						"h": 79
					},
					"frame": {
						"x": 0,
						"y": 0,
						"w": 64,
						"h": 79
					}
				},
				{
					"filename": "0001.png",
					"rotated": false,
					"trimmed": true,
					"sourceSize": {
						"w": 68,
						"h": 82
					},
					"spriteSourceSize": {
						"x": 0,
						"y": 0,
						"w": 68,
						"h": 80
					},
					"frame": {
						"x": 64,
						"y": 0,
						"w": 68,
						"h": 80
					}
				},
				{
					"filename": "0002.png",
					"rotated": false,
					"trimmed": true,
					"sourceSize": {
						"w": 68,
						"h": 82
					},
					"spriteSourceSize": {
						"x": 0,
						"y": 0,
						"w": 67,
						"h": 80
					},
					"frame": {
						"x": 132,
						"y": 0,
						"w": 67,
						"h": 80
					}
				},
				{
					"filename": "0012.png",
					"rotated": false,
					"trimmed": true,
					"sourceSize": {
						"w": 68,
						"h": 82
					},
					"spriteSourceSize": {
						"x": 0,
						"y": 0,
						"w": 67,
						"h": 80
					},
					"frame": {
						"x": 132,
						"y": 0,
						"w": 67,
						"h": 80
					}
				},
				{
					"filename": "0004.png",
					"rotated": false,
					"trimmed": true,
					"sourceSize": {
						"w": 68,
						"h": 82
					},
					"spriteSourceSize": {
						"x": 5,
						"y": 1,
						"w": 60,
						"h": 80
					},
					"frame": {
						"x": 0,
						"y": 79,
						"w": 60,
						"h": 80
					}
				},
				{
					"filename": "0010.png",
					"rotated": false,
					"trimmed": true,
					"sourceSize": {
						"w": 68,
						"h": 82
					},
					"spriteSourceSize": {
						"x": 5,
						"y": 1,
						"w": 60,
						"h": 80
					},
					"frame": {
						"x": 0,
						"y": 79,
						"w": 60,
						"h": 80
					}
				},
				{
					"filename": "0005.png",
					"rotated": false,
					"trimmed": true,
					"sourceSize": {
						"w": 68,
						"h": 82
					},
					"spriteSourceSize": {
						"x": 6,
						"y": 0,
						"w": 57,
						"h": 82
					},
					"frame": {
						"x": 60,
						"y": 80,
						"w": 57,
						"h": 82
					}
				},
				{
					"filename": "0009.png",
					"rotated": false,
					"trimmed": true,
					"sourceSize": {
						"w": 68,
						"h": 82
					},
					"spriteSourceSize": {
						"x": 6,
						"y": 0,
						"w": 57,
						"h": 82
					},
					"frame": {
						"x": 60,
						"y": 80,
						"w": 57,
						"h": 82
					}
				},
				{
					"filename": "0006.png",
					"rotated": false,
					"trimmed": true,
					"sourceSize": {
						"w": 68,
						"h": 82
					},
					"spriteSourceSize": {
						"x": 10,
						"y": 0,
						"w": 52,
						"h": 82
					},
					"frame": {
						"x": 117,
						"y": 80,
						"w": 52,
						"h": 82
					}
				},
				{
					"filename": "0008.png",
					"rotated": false,
					"trimmed": true,
					"sourceSize": {
						"w": 68,
						"h": 82
					},
					"spriteSourceSize": {
						"x": 10,
						"y": 0,
						"w": 52,
						"h": 82
					},
					"frame": {
						"x": 117,
						"y": 80,
						"w": 52,
						"h": 82
					}
				},
				{
					"filename": "0007.png",
					"rotated": false,
					"trimmed": true,
					"sourceSize": {
						"w": 68,
						"h": 82
					},
					"spriteSourceSize": {
						"x": 12,
						"y": 0,
						"w": 51,
						"h": 82
					},
					"frame": {
						"x": 169,
						"y": 80,
						"w": 51,
						"h": 82
					}
				}
			]
		}
	],
	"meta": {
		"app": "https://www.codeandweb.com/texturepacker",
		"version": "3.0",
		"smartupdate": "$TexturePacker:SmartUpdate:3aecd6a8ae71bc522d4faaed0ff549a3:e7d63b806b747f3651f66b92bfb2e15b:e3991814267654d1c37cbcf05212a36f$"
	}
}
