{
	"textures": [
		{
			"image": "861.png",
			"format": "RGBA8888",
			"size": {
				"w": 243,
				"h": 243
			},
			"scale": 1,
			"frames": [
				{
					"filename": "0001.png",
					"rotated": false,
					"trimmed": true,
					"sourceSize": {
						"w": 89,
						"h": 79
					},
					"spriteSourceSize": {
						"x": 5,
						"y": 0,
						"w": 84,
						"h": 79
					},
					"frame": {
						"x": 0,
						"y": 0,
						"w": 84,
						"h": 79
					}
				},
				{
					"filename": "0007.png",
					"rotated": false,
					"trimmed": true,
					"sourceSize": {
						"w": 89,
						"h": 79
					},
					"spriteSourceSize": {
						"x": 0,
						"y": 0,
						"w": 84,
						"h": 79
					},
					"frame": {
						"x": 84,
						"y": 0,
						"w": 84,
						"h": 79
					}
				},
				{
					"filename": "0002.png",
					"rotated": false,
					"trimmed": true,
					"sourceSize": {
						"w": 89,
						"h": 79
					},
					"spriteSourceSize": {
						"x": 5,
						"y": 0,
						"w": 83,
						"h": 79
					},
					"frame": {
						"x": 0,
						"y": 79,
						"w": 83,
						"h": 79
					}
				},
				{
					"filename": "0012.png",
					"rotated": false,
					"trimmed": true,
					"sourceSize": {
						"w": 89,
						"h": 79
					},
					"spriteSourceSize": {
						"x": 5,
						"y": 0,
						"w": 83,
						"h": 79
					},
					"frame": {
						"x": 0,
						"y": 79,
						"w": 83,
						"h": 79
					}
				},
				{
					"filename": "0003.png",
					"rotated": false,
					"trimmed": true,
					"sourceSize": {
						"w": 89,
						"h": 79
					},
					"spriteSourceSize": {
						"x": 4,
						"y": 0,
						"w": 81,
						"h": 79
					},
					"frame": {
						"x": 0,
						"y": 158,
						"w": 81,
						"h": 79
					}
				},
				{
					"filename": "0011.png",
					"rotated": false,
					"trimmed": true,
					"sourceSize": {
						"w": 89,
						"h": 79
					},
					"spriteSourceSize": {
						"x": 4,
						"y": 0,
						"w": 81,
						"h": 79
					},
					"frame": {
						"x": 0,
						"y": 158,
						"w": 81,
						"h": 79
					}
				},
				{
					"filename": "0006.png",
					"rotated": false,
					"trimmed": true,
					"sourceSize": {
						"w": 89,
						"h": 79
					},
					"spriteSourceSize": {
						"x": 0,
						"y": 1,
						"w": 81,
						"h": 78
					},
					"frame": {
						"x": 81,
						"y": 158,
						"w": 81,
						"h": 78
					}
				},
				{
					"filename": "0008.png",
					"rotated": false,
					"trimmed": true,
					"sourceSize": {
						"w": 89,
						"h": 79
					},
					"spriteSourceSize": {
						"x": 0,
						"y": 1,
						"w": 81,
						"h": 78
					},
					"frame": {
						"x": 81,
						"y": 158,
						"w": 81,
						"h": 78
					}
				},
				{
					"filename": "0004.png",
					"rotated": false,
					"trimmed": true,
					"sourceSize": {
						"w": 89,
						"h": 79
					},
					"spriteSourceSize": {
						"x": 2,
						"y": 2,
						"w": 81,
						"h": 77
					},
					"frame": {
						"x": 162,
						"y": 79,
						"w": 81,
						"h": 77
					}
				},
				{
					"filename": "0010.png",
					"rotated": false,
					"trimmed": true,
					"sourceSize": {
						"w": 89,
						"h": 79
					},
					"spriteSourceSize": {
						"x": 2,
						"y": 2,
						"w": 81,
						"h": 77
					},
					"frame": {
						"x": 162,
						"y": 79,
						"w": 81,
						"h": 77
					}
				},
				{
					"filename": "0005.png",
					"rotated": false,
					"trimmed": true,
					"sourceSize": {
						"w": 89,
						"h": 79
					},
					"spriteSourceSize": {
						"x": 0,
						"y": 2,
						"w": 81,
						"h": 77
					},
					"frame": {
						"x": 162,
						"y": 156,
						"w": 81,
						"h": 77
					}
				},
				{
					"filename": "0009.png",
					"rotated": false,
					"trimmed": true,
					"sourceSize": {
						"w": 89,
						"h": 79
					},
					"spriteSourceSize": {
						"x": 0,
						"y": 2,
						"w": 81,
						"h": 77
					},
					"frame": {
						"x": 162,
						"y": 156,
						"w": 81,
						"h": 77
					}
				}
			]
		}
	],
	"meta": {
		"app": "https://www.codeandweb.com/texturepacker",
		"version": "3.0",
		"smartupdate": "$TexturePacker:SmartUpdate:ad31d82db167280d0342d6ce4b58d99c:c22da20bb9df37f70bd5c4a5141c66fb:304d293431ac343d426d039aae462720$"
	}
}
