{
	"textures": [
		{
			"image": "930.png",
			"format": "RGBA8888",
			"size": {
				"w": 444,
				"h": 444
			},
			"scale": 1,
			"frames": [
				{
					"filename": "0006.png",
					"rotated": false,
					"trimmed": true,
					"sourceSize": {
						"w": 100,
						"h": 97
					},
					"spriteSourceSize": {
						"x": 0,
						"y": 7,
						"w": 100,
						"h": 88
					},
					"frame": {
						"x": 0,
						"y": 0,
						"w": 100,
						"h": 88
					}
				},
				{
					"filename": "0005.png",
					"rotated": false,
					"trimmed": true,
					"sourceSize": {
						"w": 100,
						"h": 97
					},
					"spriteSourceSize": {
						"x": 0,
						"y": 6,
						"w": 100,
						"h": 89
					},
					"frame": {
						"x": 100,
						"y": 0,
						"w": 100,
						"h": 89
					}
				},
				{
					"filename": "0003.png",
					"rotated": false,
					"trimmed": true,
					"sourceSize": {
						"w": 100,
						"h": 97
					},
					"spriteSourceSize": {
						"x": 0,
						"y": 6,
						"w": 100,
						"h": 90
					},
					"frame": {
						"x": 200,
						"y": 0,
						"w": 100,
						"h": 90
					}
				},
				{
					"filename": "0007.png",
					"rotated": false,
					"trimmed": true,
					"sourceSize": {
						"w": 100,
						"h": 97
					},
					"spriteSourceSize": {
						"x": 0,
						"y": 6,
						"w": 100,
						"h": 90
					},
					"frame": {
						"x": 200,
						"y": 0,
						"w": 100,
						"h": 90
					}
				},
				{
					"filename": "0004.png",
					"rotated": false,
					"trimmed": true,
					"sourceSize": {
						"w": 100,
						"h": 97
					},
					"spriteSourceSize": {
						"x": 0,
						"y": 6,
						"w": 100,
						"h": 90
					},
					"frame": {
						"x": 300,
						"y": 0,
						"w": 100,
						"h": 90
					}
				},
				{
					"filename": "0008.png",
					"rotated": false,
					"trimmed": true,
					"sourceSize": {
						"w": 100,
						"h": 97
					},
					"spriteSourceSize": {
						"x": 0,
						"y": 6,
						"w": 100,
						"h": 90
					},
					"frame": {
						"x": 300,
						"y": 0,
						"w": 100,
						"h": 90
					}
				},
				{
					"filename": "0024.png",
					"rotated": false,
					"trimmed": true,
					"sourceSize": {
						"w": 100,
						"h": 97
					},
					"spriteSourceSize": {
						"x": 1,
						"y": 7,
						"w": 96,
						"h": 90
					},
					"frame": {
						"x": 0,
						"y": 88,
						"w": 96,
						"h": 90
					}
				},
				{
					"filename": "0002.png",
					"rotated": false,
					"trimmed": true,
					"sourceSize": {
						"w": 100,
						"h": 97
					},
					"spriteSourceSize": {
						"x": 0,
						"y": 5,
						"w": 100,
						"h": 92
					},
					"frame": {
						"x": 96,
						"y": 89,
						"w": 100,
						"h": 92
					}
				},
				{
					"filename": "0023.png",
					"rotated": false,
					"trimmed": true,
					"sourceSize": {
						"w": 100,
						"h": 97
					},
					"spriteSourceSize": {
						"x": 0,
						"y": 5,
						"w": 90,
						"h": 92
					},
					"frame": {
						"x": 196,
						"y": 90,
						"w": 90,
						"h": 92
					}
				},
				{
					"filename": "0001.png",
					"rotated": false,
					"trimmed": true,
					"sourceSize": {
						"w": 100,
						"h": 97
					},
					"spriteSourceSize": {
						"x": 0,
						"y": 4,
						"w": 100,
						"h": 93
					},
					"frame": {
						"x": 286,
						"y": 90,
						"w": 100,
						"h": 93
					}
				},
				{
					"filename": "0014.png",
					"rotated": false,
					"trimmed": true,
					"sourceSize": {
						"w": 100,
						"h": 97
					},
					"spriteSourceSize": {
						"x": 14,
						"y": 1,
						"w": 58,
						"h": 94
					},
					"frame": {
						"x": 386,
						"y": 90,
						"w": 58,
						"h": 94
					}
				},
				{
					"filename": "0009.png",
					"rotated": false,
					"trimmed": true,
					"sourceSize": {
						"w": 100,
						"h": 97
					},
					"spriteSourceSize": {
						"x": 1,
						"y": 4,
						"w": 96,
						"h": 93
					},
					"frame": {
						"x": 0,
						"y": 178,
						"w": 96,
						"h": 93
					}
				},
				{
					"filename": "0010.png",
					"rotated": false,
					"trimmed": true,
					"sourceSize": {
						"w": 100,
						"h": 97
					},
					"spriteSourceSize": {
						"x": 0,
						"y": 4,
						"w": 90,
						"h": 93
					},
					"frame": {
						"x": 96,
						"y": 181,
						"w": 90,
						"h": 93
					}
				},
				{
					"filename": "0015.png",
					"rotated": false,
					"trimmed": true,
					"sourceSize": {
						"w": 100,
						"h": 97
					},
					"spriteSourceSize": {
						"x": 14,
						"y": 2,
						"w": 58,
						"h": 94
					},
					"frame": {
						"x": 186,
						"y": 182,
						"w": 58,
						"h": 94
					}
				},
				{
					"filename": "0013.png",
					"rotated": false,
					"trimmed": true,
					"sourceSize": {
						"w": 100,
						"h": 97
					},
					"spriteSourceSize": {
						"x": 14,
						"y": 0,
						"w": 58,
						"h": 95
					},
					"frame": {
						"x": 244,
						"y": 183,
						"w": 58,
						"h": 95
					}
				},
				{
					"filename": "0016.png",
					"rotated": false,
					"trimmed": true,
					"sourceSize": {
						"w": 100,
						"h": 97
					},
					"spriteSourceSize": {
						"x": 14,
						"y": 1,
						"w": 58,
						"h": 95
					},
					"frame": {
						"x": 302,
						"y": 183,
						"w": 58,
						"h": 95
					}
				},
				{
					"filename": "0019.png",
					"rotated": false,
					"trimmed": true,
					"sourceSize": {
						"w": 100,
						"h": 97
					},
					"spriteSourceSize": {
						"x": 14,
						"y": 2,
						"w": 58,
						"h": 95
					},
					"frame": {
						"x": 360,
						"y": 184,
						"w": 58,
						"h": 95
					}
				},
				{
					"filename": "0011.png",
					"rotated": false,
					"trimmed": true,
					"sourceSize": {
						"w": 100,
						"h": 97
					},
					"spriteSourceSize": {
						"x": 5,
						"y": 0,
						"w": 76,
						"h": 96
					},
					"frame": {
						"x": 0,
						"y": 271,
						"w": 76,
						"h": 96
					}
				},
				{
					"filename": "0012.png",
					"rotated": false,
					"trimmed": true,
					"sourceSize": {
						"w": 100,
						"h": 97
					},
					"spriteSourceSize": {
						"x": 14,
						"y": 0,
						"w": 58,
						"h": 96
					},
					"frame": {
						"x": 76,
						"y": 274,
						"w": 58,
						"h": 96
					}
				},
				{
					"filename": "0018.png",
					"rotated": false,
					"trimmed": true,
					"sourceSize": {
						"w": 100,
						"h": 97
					},
					"spriteSourceSize": {
						"x": 14,
						"y": 1,
						"w": 58,
						"h": 96
					},
					"frame": {
						"x": 134,
						"y": 276,
						"w": 58,
						"h": 96
					}
				},
				{
					"filename": "0020.png",
					"rotated": false,
					"trimmed": true,
					"sourceSize": {
						"w": 100,
						"h": 97
					},
					"spriteSourceSize": {
						"x": 14,
						"y": 1,
						"w": 58,
						"h": 96
					},
					"frame": {
						"x": 192,
						"y": 278,
						"w": 58,
						"h": 96
					}
				},
				{
					"filename": "0021.png",
					"rotated": false,
					"trimmed": true,
					"sourceSize": {
						"w": 100,
						"h": 97
					},
					"spriteSourceSize": {
						"x": 14,
						"y": 0,
						"w": 58,
						"h": 96
					},
					"frame": {
						"x": 250,
						"y": 278,
						"w": 58,
						"h": 96
					}
				},
				{
					"filename": "0022.png",
					"rotated": false,
					"trimmed": true,
					"sourceSize": {
						"w": 100,
						"h": 97
					},
					"spriteSourceSize": {
						"x": 5,
						"y": 0,
						"w": 76,
						"h": 96
					},
					"frame": {
						"x": 308,
						"y": 279,
						"w": 76,
						"h": 96
					}
				},
				{
					"filename": "0017.png",
					"rotated": false,
					"trimmed": true,
					"sourceSize": {
						"w": 100,
						"h": 97
					},
					"spriteSourceSize": {
						"x": 14,
						"y": 0,
						"w": 58,
						"h": 97
					},
					"frame": {
						"x": 384,
						"y": 279,
						"w": 58,
						"h": 97
					}
				}
			]
		}
	],
	"meta": {
		"app": "https://www.codeandweb.com/texturepacker",
		"version": "3.0",
		"smartupdate": "$TexturePacker:SmartUpdate:58642ea9b40fb8dbc90cec707571785c:4b490d26da393d6e02e2e6fbbb6aefed:e2605b6bf53d70632dfa6ee248fd937d$"
	}
}
