{
	"textures": [
		{
			"image": "951.png",
			"format": "RGBA8888",
			"size": {
				"w": 118,
				"h": 118
			},
			"scale": 1,
			"frames": [
				{
					"filename": "0006.png",
					"rotated": false,
					"trimmed": true,
					"sourceSize": {
						"w": 31,
						"h": 46
					},
					"spriteSourceSize": {
						"x": 2,
						"y": 0,
						"w": 29,
						"h": 42
					},
					"frame": {
						"x": 0,
						"y": 0,
						"w": 29,
						"h": 42
					}
				},
				{
					"filename": "0007.png",
					"rotated": false,
					"trimmed": true,
					"sourceSize": {
						"w": 31,
						"h": 46
					},
					"spriteSourceSize": {
						"x": 2,
						"y": 0,
						"w": 29,
						"h": 42
					},
					"frame": {
						"x": 0,
						"y": 0,
						"w": 29,
						"h": 42
					}
				},
				{
					"filename": "0005.png",
					"rotated": false,
					"trimmed": true,
					"sourceSize": {
						"w": 31,
						"h": 46
					},
					"spriteSourceSize": {
						"x": 1,
						"y": 0,
						"w": 30,
						"h": 43
					},
					"frame": {
						"x": 29,
						"y": 0,
						"w": 30,
						"h": 43
					}
				},
				{
					"filename": "0008.png",
					"rotated": false,
					"trimmed": true,
					"sourceSize": {
						"w": 31,
						"h": 46
					},
					"spriteSourceSize": {
						"x": 1,
						"y": 0,
						"w": 30,
						"h": 43
					},
					"frame": {
						"x": 29,
						"y": 0,
						"w": 30,
						"h": 43
					}
				},
				{
					"filename": "0001.png",
					"rotated": false,
					"trimmed": true,
					"sourceSize": {
						"w": 31,
						"h": 46
					},
					"spriteSourceSize": {
						"x": 0,
						"y": 2,
						"w": 29,
						"h": 44
					},
					"frame": {
						"x": 59,
						"y": 0,
						"w": 29,
						"h": 44
					}
				},
				{
					"filename": "0002.png",
					"rotated": false,
					"trimmed": true,
					"sourceSize": {
						"w": 31,
						"h": 46
					},
					"spriteSourceSize": {
						"x": 0,
						"y": 2,
						"w": 30,
						"h": 44
					},
					"frame": {
						"x": 88,
						"y": 0,
						"w": 30,
						"h": 44
					}
				},
				{
					"filename": "0012.png",
					"rotated": false,
					"trimmed": true,
					"sourceSize": {
						"w": 31,
						"h": 46
					},
					"spriteSourceSize": {
						"x": 1,
						"y": 2,
						"w": 30,
						"h": 44
					},
					"frame": {
						"x": 88,
						"y": 0,
						"w": 30,
						"h": 44
					}
				},
				{
					"filename": "0003.png",
					"rotated": false,
					"trimmed": true,
					"sourceSize": {
						"w": 31,
						"h": 46
					},
					"spriteSourceSize": {
						"x": 1,
						"y": 1,
						"w": 30,
						"h": 45
					},
					"frame": {
						"x": 0,
						"y": 43,
						"w": 30,
						"h": 45
					}
				},
				{
					"filename": "0010.png",
					"rotated": false,
					"trimmed": true,
					"sourceSize": {
						"w": 31,
						"h": 46
					},
					"spriteSourceSize": {
						"x": 1,
						"y": 1,
						"w": 30,
						"h": 45
					},
					"frame": {
						"x": 0,
						"y": 43,
						"w": 30,
						"h": 45
					}
				},
				{
					"filename": "0004.png",
					"rotated": false,
					"trimmed": true,
					"sourceSize": {
						"w": 31,
						"h": 46
					},
					"spriteSourceSize": {
						"x": 1,
						"y": 0,
						"w": 30,
						"h": 45
					},
					"frame": {
						"x": 30,
						"y": 44,
						"w": 30,
						"h": 45
					}
				},
				{
					"filename": "0009.png",
					"rotated": false,
					"trimmed": true,
					"sourceSize": {
						"w": 31,
						"h": 46
					},
					"spriteSourceSize": {
						"x": 1,
						"y": 0,
						"w": 30,
						"h": 45
					},
					"frame": {
						"x": 30,
						"y": 44,
						"w": 30,
						"h": 45
					}
				},
				{
					"filename": "0011.png",
					"rotated": false,
					"trimmed": true,
					"sourceSize": {
						"w": 31,
						"h": 46
					},
					"spriteSourceSize": {
						"x": 1,
						"y": 1,
						"w": 30,
						"h": 45
					},
					"frame": {
						"x": 60,
						"y": 44,
						"w": 30,
						"h": 45
					}
				}
			]
		}
	],
	"meta": {
		"app": "https://www.codeandweb.com/texturepacker",
		"version": "3.0",
		"smartupdate": "$TexturePacker:SmartUpdate:0b5dd5e09b26519128b9f9d386acad62:b8bc2a2b9a666e1aadc18f4c45932f2a:0c3aaeabc002dde52853f5bbee1cf3e1$"
	}
}
