{
	"textures": [
		{
			"image": "977.png",
			"format": "RGBA8888",
			"size": {
				"w": 236,
				"h": 236
			},
			"scale": 1,
			"frames": [
				{
					"filename": "0001.png",
					"rotated": false,
					"trimmed": true,
					"sourceSize": {
						"w": 84,
						"h": 68
					},
					"spriteSourceSize": {
						"x": 0,
						"y": 0,
						"w": 84,
						"h": 65
					},
					"frame": {
						"x": 0,
						"y": 0,
						"w": 84,
						"h": 65
					}
				},
				{
					"filename": "0002.png",
					"rotated": false,
					"trimmed": true,
					"sourceSize": {
						"w": 84,
						"h": 68
					},
					"spriteSourceSize": {
						"x": 0,
						"y": 2,
						"w": 82,
						"h": 64
					},
					"frame": {
						"x": 84,
						"y": 0,
						"w": 82,
						"h": 64
					}
				},
				{
					"filename": "0016.png",
					"rotated": false,
					"trimmed": true,
					"sourceSize": {
						"w": 84,
						"h": 68
					},
					"spriteSourceSize": {
						"x": 0,
						"y": 2,
						"w": 82,
						"h": 64
					},
					"frame": {
						"x": 84,
						"y": 0,
						"w": 82,
						"h": 64
					}
				},
				{
					"filename": "0009.png",
					"rotated": false,
					"trimmed": true,
					"sourceSize": {
						"w": 84,
						"h": 68
					},
					"spriteSourceSize": {
						"x": 9,
						"y": 0,
						"w": 70,
						"h": 68
					},
					"frame": {
						"x": 166,
						"y": 0,
						"w": 70,
						"h": 68
					}
				},
				{
					"filename": "0006.png",
					"rotated": false,
					"trimmed": true,
					"sourceSize": {
						"w": 84,
						"h": 68
					},
					"spriteSourceSize": {
						"x": 0,
						"y": 14,
						"w": 81,
						"h": 53
					},
					"frame": {
						"x": 84,
						"y": 64,
						"w": 81,
						"h": 53
					}
				},
				{
					"filename": "0012.png",
					"rotated": false,
					"trimmed": true,
					"sourceSize": {
						"w": 84,
						"h": 68
					},
					"spriteSourceSize": {
						"x": 0,
						"y": 14,
						"w": 81,
						"h": 53
					},
					"frame": {
						"x": 84,
						"y": 64,
						"w": 81,
						"h": 53
					}
				},
				{
					"filename": "0003.png",
					"rotated": false,
					"trimmed": true,
					"sourceSize": {
						"w": 84,
						"h": 68
					},
					"spriteSourceSize": {
						"x": 0,
						"y": 5,
						"w": 80,
						"h": 61
					},
					"frame": {
						"x": 0,
						"y": 65,
						"w": 80,
						"h": 61
					}
				},
				{
					"filename": "0015.png",
					"rotated": false,
					"trimmed": true,
					"sourceSize": {
						"w": 84,
						"h": 68
					},
					"spriteSourceSize": {
						"x": 0,
						"y": 5,
						"w": 80,
						"h": 61
					},
					"frame": {
						"x": 0,
						"y": 65,
						"w": 80,
						"h": 61
					}
				},
				{
					"filename": "0008.png",
					"rotated": false,
					"trimmed": true,
					"sourceSize": {
						"w": 84,
						"h": 68
					},
					"spriteSourceSize": {
						"x": 6,
						"y": 2,
						"w": 73,
						"h": 66
					},
					"frame": {
						"x": 0,
						"y": 126,
						"w": 73,
						"h": 66
					}
				},
				{
					"filename": "0010.png",
					"rotated": false,
					"trimmed": true,
					"sourceSize": {
						"w": 84,
						"h": 68
					},
					"spriteSourceSize": {
						"x": 6,
						"y": 2,
						"w": 73,
						"h": 66
					},
					"frame": {
						"x": 0,
						"y": 126,
						"w": 73,
						"h": 66
					}
				},
				{
					"filename": "0007.png",
					"rotated": false,
					"trimmed": true,
					"sourceSize": {
						"w": 84,
						"h": 68
					},
					"spriteSourceSize": {
						"x": 3,
						"y": 7,
						"w": 78,
						"h": 61
					},
					"frame": {
						"x": 73,
						"y": 126,
						"w": 78,
						"h": 61
					}
				},
				{
					"filename": "0011.png",
					"rotated": false,
					"trimmed": true,
					"sourceSize": {
						"w": 84,
						"h": 68
					},
					"spriteSourceSize": {
						"x": 3,
						"y": 7,
						"w": 78,
						"h": 61
					},
					"frame": {
						"x": 73,
						"y": 126,
						"w": 78,
						"h": 61
					}
				},
				{
					"filename": "0004.png",
					"rotated": false,
					"trimmed": true,
					"sourceSize": {
						"w": 84,
						"h": 68
					},
					"spriteSourceSize": {
						"x": 0,
						"y": 8,
						"w": 80,
						"h": 58
					},
					"frame": {
						"x": 151,
						"y": 117,
						"w": 80,
						"h": 58
					}
				},
				{
					"filename": "0014.png",
					"rotated": false,
					"trimmed": true,
					"sourceSize": {
						"w": 84,
						"h": 68
					},
					"spriteSourceSize": {
						"x": 0,
						"y": 8,
						"w": 80,
						"h": 58
					},
					"frame": {
						"x": 151,
						"y": 117,
						"w": 80,
						"h": 58
					}
				},
				{
					"filename": "0005.png",
					"rotated": false,
					"trimmed": true,
					"sourceSize": {
						"w": 84,
						"h": 68
					},
					"spriteSourceSize": {
						"x": 0,
						"y": 11,
						"w": 80,
						"h": 57
					},
					"frame": {
						"x": 151,
						"y": 175,
						"w": 80,
						"h": 57
					}
				},
				{
					"filename": "0013.png",
					"rotated": false,
					"trimmed": true,
					"sourceSize": {
						"w": 84,
						"h": 68
					},
					"spriteSourceSize": {
						"x": 0,
						"y": 11,
						"w": 80,
						"h": 57
					},
					"frame": {
						"x": 151,
						"y": 175,
						"w": 80,
						"h": 57
					}
				}
			]
		}
	],
	"meta": {
		"app": "https://www.codeandweb.com/texturepacker",
		"version": "3.0",
		"smartupdate": "$TexturePacker:SmartUpdate:5d779083ec646118481ea65c2934100f:98da9e956212569c4f6345f4e020fcf0:0e1642a1ef7ce7cd1431d2d8aed78fbd$"
	}
}
