{
	"textures": [
		{
			"image": "979.png", 
			"format": "RGBA8888", 
			"size": {
				"w": 162, 
				"h": 162
			}, 
			"scale": 1, 
			"frames": [
				{
					"filename": "0001.png", 
					"rotated": false, 
					"trimmed": false, 
					"sourceSize": {
						"w": 79, 
						"h": 81
					}, 
					"spriteSourceSize": {
						"x": 0, 
						"y": 0, 
						"w": 79, 
						"h": 81
					}, 
					"frame": {
						"x": 0, 
						"y": 0, 
						"w": 79, 
						"h": 81
					}
				}, 
				{
					"filename": "0002.png", 
					"rotated": false, 
					"trimmed": false, 
					"sourceSize": {
						"w": 79, 
						"h": 81
					}, 
					"spriteSourceSize": {
						"x": 0, 
						"y": 0, 
						"w": 79, 
						"h": 81
					}, 
					"frame": {
						"x": 0, 
						"y": 81, 
						"w": 79, 
						"h": 81
					}
				}, 
				{
					"filename": "0004.png", 
					"rotated": false, 
					"trimmed": false, 
					"sourceSize": {
						"w": 79, 
						"h": 81
					}, 
					"spriteSourceSize": {
						"x": 0, 
						"y": 0, 
						"w": 79, 
						"h": 81
					}, 
					"frame": {
						"x": 79, 
						"y": 0, 
						"w": 79, 
						"h": 81
					}
				}, 
				{
					"filename": "0003.png", 
					"rotated": false, 
					"trimmed": true, 
					"sourceSize": {
						"w": 79, 
						"h": 81
					}, 
					"spriteSourceSize": {
						"x": 0, 
						"y": 1, 
						"w": 79, 
						"h": 80
					}, 
					"frame": {
						"x": 79, 
						"y": 81, 
						"w": 79, 
						"h": 80
					}
				}
			]
		}
	], 
	"meta": {
		"app": "https://www.codeandweb.com/texturepacker", 
		"version": "3.0", 
		"smartupdate": "$TexturePacker:SmartUpdate:9debf960d57a2bcaf3d20262a44d1a92:a4963ee6e40775b2b7356906478c016d:351422d30d3be13e0d9d234ec7c8c043$"
	}
}